TIME,"[0.03333333333333333, 0.06666666666666667, 0.1, 0.13333333333333333, 0.16666666666666666, 0.2, 0.23333333333333334, 0.26666666666666666, 0.3, 0.3333333333333333, 0.36666666666666664, 0.4, 0.43333333333333335, 0.4666666666666667, 0.5, 0.5333333333333333, 0.5666666666666667, 0.6, 0.6333333333333333, 0.6666666666666666, 0.7, 0.7333333333333333, 0.7666666666666667, 0.8, 0.8333333333333334, 0.8666666666666667, 0.9, 0.9333333333333333, 0.9666666666666667, 1.0, 1.0333333333333334, 1.0666666666666667, 1.1, 1.1333333333333333, 1.1666666666666667, 1.2, 1.2333333333333334, 1.2666666666666666, 1.3, 1.3333333333333333, 1.3666666666666667, 1.4, 1.4333333333333333, 1.4666666666666666, 1.5, 1.5333333333333334, 1.5666666666666667, 1.6, 1.6333333333333333, 1.6666666666666667, 1.7, 1.7333333333333334, 1.7666666666666666, 1.8, 1.8333333333333333, 1.8666666666666667, 1.9, 1.9333333333333333, 1.9666666666666666, 2.0, 2.033333333333333, 2.066666666666667, 2.1, 2.1333333333333333, 2.1666666666666665, 2.2, 2.2333333333333334, 2.2666666666666666, 2.3, 2.3333333333333335, 2.3666666666666667, 2.4, 2.433333333333333, 2.466666666666667, 2.5, 2.533333333333333, 2.566666666666667, 2.6, 2.6333333333333333, 2.6666666666666665, 2.7, 2.7333333333333334, 2.7666666666666666, 2.8, 2.8333333333333335, 2.8666666666666667, 2.9, 2.933333333333333, 2.966666666666667, 3.0, 3.033333333333333, 3.066666666666667, 3.1, 3.1333333333333333, 3.1666666666666665, 3.2, 3.2333333333333334, 3.2666666666666666, 3.3, 3.3333333333333335, 3.3666666666666667, 3.4, 3.433333333333333, 3.466666666666667, 3.5, 3.533333333333333, 3.566666666666667, 3.6, 3.6333333333333333, 3.6666666666666665, 3.7, 3.7333333333333334, 3.7666666666666666, 3.8, 3.8333333333333335, 3.8666666666666667, 3.9, 3.933333333333333, 3.966666666666667, 4.0, 4.033333333333333, 4.066666666666666, 4.1, 4.133333333333334, 4.166666666666667, 4.2, 4.233333333333333, 4.266666666666667, 4.3, 4.333333333333333, 4.366666666666666, 4.4, 4.433333333333334, 4.466666666666667, 4.5, 4.533333333333333, 4.566666666666666, 4.6, 4.633333333333334, 4.666666666666667, 4.7, 4.733333333333333, 4.766666666666667, 4.8, 4.833333333333333, 4.866666666666666, 4.9, 4.933333333333334, 4.966666666666667, 5.0, 5.033333333333333, 5.066666666666666, 5.1, 5.133333333333334, 5.166666666666667, 5.2, 5.233333333333333, 5.266666666666667, 5.3, 5.333333333333333, 5.366666666666666, 5.4, 5.433333333333334, 5.466666666666667, 5.5, 5.533333333333333, 5.566666666666666, 5.6, 5.633333333333334, 5.666666666666667, 5.7, 5.733333333333333, 5.766666666666667, 5.8, 5.833333333333333, 5.866666666666666, 5.9, 5.933333333333334, 5.966666666666667, 6.0, 6.033333333333333, 6.066666666666666, 6.1, 6.133333333333334, 6.166666666666667, 6.2, 6.233333333333333, 6.266666666666667, 6.3, 6.333333333333333, 6.366666666666666, 6.4, 6.433333333333334, 6.466666666666667, 6.5, 6.533333333333333, 6.566666666666666, 6.6, 6.633333333333334, 6.666666666666667, 6.7, 6.733333333333333, 6.766666666666667, 6.8, 6.833333333333333, 6.866666666666666, 6.9, 6.933333333333334, 6.966666666666667, 7.0, 7.033333333333333, 7.066666666666666, 7.1, 7.133333333333334, 7.166666666666667, 7.2, 7.233333333333333, 7.266666666666667, 7.3, 7.333333333333333, 7.366666666666666, 7.4, 7.433333333333334, 7.466666666666667, 7.5, 7.533333333333333, 7.566666666666666, 7.6, 7.633333333333334, 7.666666666666667, 7.7, 7.733333333333333, 7.766666666666667, 7.8, 7.833333333333333, 7.866666666666666, 7.9, 7.933333333333334, 7.966666666666667, 8.0, 8.033333333333333, 8.066666666666666, 8.1, 8.133333333333333, 8.166666666666666, 8.2, 8.233333333333333, 8.266666666666667, 8.3, 8.333333333333334, 8.366666666666667, 8.4, 8.433333333333334, 8.466666666666667, 8.5, 8.533333333333333, 8.566666666666666, 8.6, 8.633333333333333, 8.666666666666666, 8.7, 8.733333333333333, 8.766666666666667, 8.8, 8.833333333333334, 8.866666666666667, 8.9, 8.933333333333334, 8.966666666666667, 9.0, 9.033333333333333, 9.066666666666666, 9.1, 9.133333333333333, 9.166666666666666, 9.2, 9.233333333333333, 9.266666666666667, 9.3, 9.333333333333334, 9.366666666666667, 9.4, 9.433333333333334, 9.466666666666667, 9.5, 9.533333333333333, 9.566666666666666, 9.6, 9.633333333333333, 9.666666666666666, 9.7, 9.733333333333333, 9.766666666666667, 9.8, 9.833333333333334, 9.866666666666667, 9.9, 9.933333333333334, 9.966666666666667, 10.0, 10.033333333333333, 10.066666666666666, 10.1, 10.133333333333333, 10.166666666666666, 10.2, 10.233333333333333, 10.266666666666667, 10.3, 10.333333333333334, 10.366666666666667, 10.4, 10.433333333333334, 10.466666666666667, 10.5, 10.533333333333333, 10.566666666666666, 10.6, 10.633333333333333, 10.666666666666666, 10.7, 10.733333333333333, 10.766666666666667, 10.8, 10.833333333333334, 10.866666666666667, 10.9, 10.933333333333334, 10.966666666666667, 11.0, 11.033333333333333, 11.066666666666666, 11.1, 11.133333333333333, 11.166666666666666, 11.2, 11.233333333333333, 11.266666666666667, 11.3, 11.333333333333334, 11.366666666666667, 11.4, 11.433333333333334, 11.466666666666667, 11.5, 11.533333333333333, 11.566666666666666, 11.6, 11.633333333333333, 11.666666666666666, 11.7, 11.733333333333333, 11.766666666666667, 11.8, 11.833333333333334, 11.866666666666667, 11.9, 11.933333333333334, 11.966666666666667]"
R1,"[85.04, 85.04, 85.0032, 83.9408, 84.0704, 84.4752, 82.8352, 83.8736, 83.8528, 83.8704, 84.5424, 85.1168, 82.6928, 82.6336, 84.1552, 84.0528, 83.9024, 84.3584, 84.1072, 83.816, 80.632, 80.7664, 85.9488, 85.984, 85.4576, 75.7488, 85.0096, 85.3376, 83.0384, 86.176, 88.9248, 219.8928, 99.7392, 91.8864, 90.9168, 91.1952, 90.3568, 90.8624, 91.2112, 87.5328, 89.0592, 91.8784, 88.7568, 88.8576, 88.3968, 86.3072, 89.0896, 88.5584, 86.2992, 92.3504, 88.0992, 83.672, 85.5136, 86.3488, 85.16, 92.1392, 82.1952, 85.2192, 89.6704, 89.0608, 87.9536, 86.9328, 88.7696, 87.0304, 86.9312, 86.3808, 89.0224, 89.048, 88.5776, 88.8848, 83.8832, 84.3264, 84.3856, 88.048, 86.7008, 83.1616, 83.3392, 87.1792, 88.4624, 86.5568, 87.8544, 87.4624, 87.0352, 88.5024, 88.1888, 86.8464, 87.0816, 87.0656, 84.1856, 89.8464, 90.1712, 90.2992, 90.3184, 89.104, 89.9376, 89.392, 89.2848, 88.7056, 90.368, 87.2224, 87.9104, 89.576, 89.8224, 89.7536, 89.216, 89.1712, 88.4832, 88.2864, 89.4976, 80.4816, 88.5616, 87.9504, 88.1888, 83.1936, 84.6656, 175.432, 230.5344, 211.904, 134.9008, 94.4768, 94.1024, 93.064, 90.0208, 91.016, 90.7584, 90.504, 89.8656, 90.7392, 88.0304, 87.4208, 89.3488, 87.528, 89.5984, 88.9328, 89.4464, 89.6272, 88.9056, 87.5408, 89.9456, 84.9808, 87.1472, 87.1696, 86.064, 88.1648, 89.5712, 88.1712, 88.976, 90.7072, 90.784, 90.312, 90.3504, 88.5232, 87.9616, 81.0896, 88.8224, 88.8416, 89.1952, 89.1296, 89.4928, 88.3728, 85.272, 79.7632, 89.9232, 88.4096, 87.2304, 86.3856, 86.272, 87.2848, 87.6704, 87.1024, 87.1152, 87.3712, 82.848, 84.4896, 84.36, 86.12, 87.3936, 88.4768, 89.5152, 88.4368, 87.2096, 87.8048, 83.5904, 86.6096, 84.0496, 89.7328, 88.7024, 86.1648, 87.7616, 87.208, 88.1472, 88.1504, 89.3104, 88.104, 87.8432, 82.4064, 86.4224, 86.8304, 87.2608, 87.4544, 86.304, 87.3696, 86.8832, 87.176, 87.68, 84.1712, 84.6032, 89.2672, 85.2384, 88.5424, 88.464, 224.6176, 91.9072, 90.4, 90.2896, 89.4832, 88.3696, 83.2032, 83.8048, 83.7808, 87.56, 86.512, 224.8016, 224.4544, 224.432, 88.312, 88.888, 88.7088, 87.352, 87.3632, 86.2096, 87.5456, 87.56, 87.0256, 87.2912, 86.856, 90.5024, 88.7648, 89.0384, 88.9184, 84.4352, 84.808, 88.664, 87.3184, 88.328, 87.0592, 88.6432, 88.2032, 88.3424, 88.3216, 88.0784, 88.6064, 88.808, 84.744, 86.152, 87.2432, 87.4992, 87.8512, 88.1808, 87.712, 87.3056, 87.9184, 88.408, 79.264, 90.6864, 87.3648, 87.3904, 87.1536, 87.9328, 88.5776, 88.6288, 89.5152, 88.5792, 88.7312, 89.9168, 89.1504, 89.496, 88.552, 88.7312, 88.544, 88.6272, 87.6768, 87.3424, 88.4048, 87.544, 85.8384, 84.0512, 90.0496, 89.9312, 90.568, 90.3216, 90.6416, 90.3968, 89.9776, 89.6592, 88.472, 88.968, 88.7936, 158.8432, 216.8448, 176.2128, 92.184, 92.7088, 92.4688, 93.08, 92.4112, 92.4656, 92.664, 92.0752, 90.9552, 91.7728, 92.3584, 91.848, 165.7904, 201.1632, 94.7888, 94.0128, 92.1488, 91.3408, 92.1792, 91.8704, 91.6448, 91.7008, 91.6192, 92.088, 91.5488, 91.7248, 92.2912, 92.0144, 92.2288, 92.3408, 90.9216, 91.2016, 91.0048, 91.9776, 91.1312, 91.2544, 90.92, 91.0176, 91.768, 89.7616, 91.0176, 90.7808, 90.2912, 92.016, 92.5328, 91.9344, 91.9104, 91.2688, 90.5952, 90.72, 89.6688, 89.0592, 89.4592, 89.8368, 91.3584, 90.432, 90.3936, 90.336]"
B1,"[253.1344, 253.1344, 253.1168, 252.5952, 252.72, 252.8, 252.6336, 252.9664, 252.928, 252.8768, 252.8288, 252.8176, 252.9056, 252.9552, 253.2288, 253.552, 253.3456, 253.6784, 253.7888, 253.7696, 252.8, 252.7824, 252.5456, 252.5712, 252.5696, 253.0736, 253.1136, 252.8704, 252.1664, 252.3776, 252.7952, 254.24, 251.864, 251.456, 251.2784, 251.3952, 252.0384, 252.0448, 252.0768, 252.4528, 252.672, 252.76, 252.1072, 251.7696, 251.6496, 251.5568, 251.864, 251.7424, 251.72, 251.9136, 251.768, 251.8288, 251.5072, 251.232, 251.176, 251.6656, 252.0016, 252.2416, 252.1088, 252.2976, 252.1616, 252.2448, 252.6464, 252.4208, 252.4192, 252.3488, 252.6896, 252.6624, 252.44, 252.5696, 252.3792, 252.5264, 252.3264, 252.4624, 252.376, 252.3184, 252.1904, 252.2832, 252.28, 252.1216, 252.4176, 252.2992, 252.28, 252.408, 252.536, 252.3536, 252.2592, 252.1808, 252.3648, 252.2992, 252.184, 252.2096, 252.008, 252.0, 252.1328, 252.0032, 252.0224, 252.0384, 252.3696, 252.2192, 252.4032, 252.7952, 252.768, 252.8032, 252.7312, 252.8432, 252.4576, 252.68, 252.6304, 252.824, 252.8752, 252.4304, 252.4656, 252.592, 253.1456, 252.9888, 254.5424, 253.5168, 250.2752, 249.3392, 251.4, 251.5104, 251.3216, 251.6, 251.9328, 251.7312, 251.5344, 251.792, 252.064, 252.1408, 252.4432, 252.0848, 252.4384, 252.48, 252.6352, 252.5984, 252.5904, 252.6368, 252.64, 252.136, 252.6512, 252.6256, 252.0672, 252.2672, 251.728, 251.5952, 251.9296, 251.992, 252.0864, 252.1088, 252.472, 252.5536, 252.6048, 252.7808, 253.4208, 251.1504, 251.0464, 251.1648, 251.0128, 250.944, 250.8672, 251.904, 251.9104, 251.7696, 251.6032, 251.6528, 251.6064, 251.9664, 252.0432, 251.9152, 251.8128, 251.8208, 251.6368, 252.0032, 251.9824, 251.6592, 252.032, 251.9792, 252.0768, 251.7488, 251.6128, 251.5152, 251.8944, 252.0272, 251.7104, 252.2448, 252.168, 251.9248, 251.9424, 252.0832, 252.1888, 252.1184, 251.9328, 251.8352, 251.808, 251.7696, 252.5072, 252.4128, 252.104, 251.672, 251.1312, 250.8832, 250.8288, 250.9072, 251.1376, 251.3216, 251.416, 251.3296, 251.7712, 252.0576, 252.1104, 254.3248, 251.2576, 251.184, 251.1728, 251.224, 250.904, 251.8944, 252.0096, 252.0704, 252.4512, 252.2432, 254.48, 254.1696, 254.1552, 251.0992, 251.3424, 251.3408, 251.2896, 251.2928, 251.1728, 251.312, 251.2944, 251.3568, 251.2912, 251.2512, 251.6112, 251.3888, 251.3776, 251.3664, 251.9536, 252.6752, 252.648, 252.408, 252.4224, 252.4176, 252.5264, 252.4544, 252.5968, 252.7872, 252.5936, 252.752, 252.792, 252.4384, 252.448, 252.5216, 252.592, 252.5968, 252.5824, 252.6176, 252.4464, 252.2048, 252.1712, 252.1008, 252.576, 252.2544, 252.0864, 251.8368, 251.8928, 252.04, 251.8224, 252.24, 252.2704, 252.3328, 252.4896, 252.5344, 252.4, 252.3456, 252.4544, 252.3776, 252.4352, 252.2752, 252.1072, 252.48, 252.4512, 252.2464, 252.232, 252.1056, 252.1552, 252.1488, 251.976, 251.9696, 252.0384, 252.008, 252.0016, 251.9568, 251.9312, 252.088, 252.208, 254.0944, 251.9584, 252.712, 252.7152, 252.6384, 252.7536, 252.7136, 252.7392, 252.7216, 252.5504, 252.4608, 252.5744, 252.5344, 252.4896, 252.192, 252.9584, 251.0016, 251.2544, 251.2, 251.1712, 251.352, 251.2528, 251.1552, 251.2176, 251.3264, 251.4304, 251.1344, 251.2256, 251.568, 251.496, 251.5376, 251.6192, 251.616, 251.4864, 251.4368, 251.7424, 251.5776, 251.6992, 251.656, 251.9376, 252.0064, 251.8288, 251.8496, 251.9952, 251.8656, 251.9136, 252.0016, 251.9936, 252.072, 252.0928, 251.9328, 252.0352, 252.0144, 252.0496, 252.0576, 252.0416, 252.1792, 252.152, 252.1808, 252.1328]"
G1,"[237.6528, 237.6528, 237.3488, 237.176, 236.968, 237.16, 236.4512, 236.4016, 236.3488, 236.2464, 236.528, 236.696, 234.7408, 234.704, 235.3296, 235.72, 235.6496, 235.7536, 236.0704, 235.9616, 233.7184, 233.688, 236.232, 236.0384, 236.272, 230.3024, 235.568, 235.7376, 234.7632, 236.2512, 237.1056, 248.1536, 237.8848, 236.4048, 236.568, 236.5488, 235.8192, 236.056, 236.0528, 235.0992, 235.9312, 236.9376, 236.4944, 236.7888, 236.3936, 235.7952, 236.6304, 236.1984, 235.1696, 236.3776, 235.6416, 231.6368, 232.5072, 232.5328, 232.032, 234.1536, 231.552, 232.8864, 234.9584, 234.9312, 235.36, 235.0608, 235.688, 235.2752, 235.1824, 235.1984, 235.696, 235.6848, 235.3392, 235.2016, 234.1968, 234.2912, 234.1408, 235.24, 234.9824, 233.6096, 232.7808, 234.592, 235.248, 235.5216, 236.0512, 235.5872, 235.3216, 235.472, 235.576, 235.0608, 234.9136, 234.8336, 233.4752, 235.2336, 235.4416, 235.552, 235.5744, 235.0336, 235.1952, 235.2032, 235.4864, 235.032, 235.584, 235.08, 235.4368, 236.0048, 236.136, 236.1952, 236.2736, 236.5728, 236.0672, 236.1456, 236.4224, 230.6032, 233.9104, 234.5792, 235.0704, 233.0896, 233.832, 243.1472, 244.4528, 246.0352, 239.0784, 233.9472, 235.384, 236.1104, 235.4176, 235.928, 236.5456, 236.224, 235.8256, 236.1696, 234.448, 234.4272, 235.0992, 234.32, 235.056, 235.144, 235.28, 235.4288, 235.2752, 235.28, 236.1296, 233.7552, 234.0432, 234.016, 232.3808, 232.8672, 234.272, 234.576, 235.1968, 235.2464, 235.4864, 235.36, 235.168, 234.88, 234.8832, 228.08, 231.5744, 233.24, 233.616, 233.9696, 234.4656, 234.5568, 234.072, 226.5184, 233.6656, 233.7584, 233.7088, 233.4624, 233.0784, 234.2976, 234.6496, 235.0624, 235.1008, 235.1408, 233.3712, 233.7024, 233.7536, 234.6672, 235.5344, 235.4208, 235.5376, 235.4576, 235.3888, 235.4816, 234.1648, 234.1776, 232.2192, 234.4736, 234.3216, 234.0704, 234.4864, 234.5872, 234.7904, 234.7968, 235.3312, 234.7616, 234.9984, 230.4832, 232.568, 232.608, 233.1872, 234.0208, 234.7648, 235.4816, 235.2992, 235.4944, 235.736, 233.7328, 233.6896, 235.32, 234.3616, 235.064, 235.568, 247.5008, 235.68, 235.9088, 235.8096, 236.176, 236.0688, 234.9072, 235.1296, 235.1856, 235.8832, 235.528, 247.3312, 246.9408, 246.9168, 234.7536, 235.8176, 235.8976, 235.8032, 235.824, 235.1472, 234.9232, 234.8896, 235.0304, 234.6784, 234.3184, 234.8384, 234.7648, 234.6704, 234.6736, 232.984, 233.3472, 234.9248, 234.7312, 235.1632, 235.32, 235.8496, 235.7136, 235.76, 235.6896, 235.4448, 235.5776, 235.5952, 234.4784, 235.1296, 235.2944, 234.6992, 234.9952, 235.504, 235.336, 235.1248, 235.3888, 235.7712, 226.3376, 234.2768, 234.5488, 234.7472, 234.6992, 234.6288, 234.8576, 235.2688, 235.0592, 235.136, 235.2304, 235.5024, 235.344, 235.24, 235.496, 235.7392, 235.6416, 235.776, 235.4208, 235.1056, 235.3792, 235.4336, 234.9888, 233.5248, 234.6704, 234.7232, 235.4288, 235.3136, 235.3728, 235.7456, 235.6, 235.584, 235.464, 235.5392, 235.776, 242.944, 245.0, 243.9024, 235.8464, 235.9088, 235.8512, 235.9808, 235.7696, 235.728, 235.5216, 235.3536, 235.1472, 235.376, 235.4528, 235.424, 243.576, 244.7552, 235.32, 235.1504, 235.192, 235.2, 235.4768, 235.3632, 235.1344, 235.4512, 235.4752, 235.4656, 235.1616, 235.256, 235.5648, 235.5728, 235.6656, 235.7616, 235.6864, 235.7248, 235.6256, 236.1328, 235.968, 236.0144, 236.0224, 236.2272, 236.5168, 235.9872, 236.0672, 236.4, 235.9184, 235.6368, 235.8608, 236.072, 236.1456, 236.1488, 236.0832, 236.1696, 235.9792, 235.944, 236.1984, 236.1312, 236.3728, 236.2816, 236.288, 236.2336]"
R2,"[83.3696, 83.3696, 86.632, 92.5552, 86.7504, 91.5136, 92.7424, 91.3968, 91.6784, 85.5104, 92.2368, 90.4016, 88.6512, 88.5328, 89.9008, 93.4784, 93.2768, 77.1696, 85.2288, 85.2288, 86.7632, 86.696, 89.096, 89.8896, 90.4384, 85.28, 84.9728, 83.1616, 82.9168, 82.4432, 82.0752, 180.2608, 174.6128, 94.928, 92.28, 90.8784, 89.3184, 89.9488, 85.9024, 73.6416, 87.4352, 84.4256, 89.4368, 89.5344, 90.5888, 87.368, 92.584, 90.2352, 87.152, 90.0688, 87.0976, 87.6448, 90.9552, 91.9216, 92.6288, 92.7632, 91.92, 94.5856, 80.5888, 87.96, 78.232, 84.1136, 84.9472, 84.3888, 92.1056, 89.8512, 88.448, 87.9136, 90.6576, 88.992, 89.3488, 74.7088, 77.496, 78.5632, 88.2912, 90.6016, 89.9312, 89.0992, 90.5872, 90.9792, 90.1744, 84.6608, 87.088, 84.7568, 86.5072, 82.8208, 93.0928, 92.7104, 92.6352, 92.9408, 82.1456, 86.88, 84.3248, 86.088, 85.512, 92.1616, 83.032, 91.4224, 90.8912, 90.76, 90.3056, 88.1344, 78.2304, 88.8816, 89.2224, 83.4128, 84.1584, 91.9728, 85.3824, 93.9808, 91.0112, 88.6848, 89.1232, 89.6304, 73.8224, 105.44, 201.9296, 205.6096, 152.1312, 92.7616, 94.304, 93.5872, 93.7376, 93.8592, 93.5456, 81.288, 90.1616, 80.6224, 91.4416, 92.9824, 91.68, 91.3088, 90.7744, 89.5952, 91.952, 91.5024, 76.0528, 86.9168, 80.232, 82.3776, 88.7792, 92.3616, 91.7472, 91.7552, 91.1264, 90.9744, 82.2608, 78.3328, 86.2592, 85.9744, 76.8048, 87.912, 91.4432, 89.1136, 87.464, 89.7776, 89.2464, 88.0304, 87.2672, 78.2912, 87.6384, 87.112, 91.0768, 89.888, 92.9008, 91.9088, 90.9312, 91.9744, 89.944, 90.3392, 84.3184, 86.4448, 86.6464, 94.0496, 93.04, 92.7504, 86.8304, 91.3216, 87.9424, 84.64, 79.208, 87.6064, 87.4224, 81.0496, 85.0816, 90.7888, 88.504, 91.9264, 91.1968, 91.0992, 90.1616, 80.8944, 81.4592, 92.3472, 91.1888, 94.6768, 89.976, 92.5664, 94.9856, 93.592, 93.2448, 87.704, 86.8016, 81.7376, 90.1808, 89.4032, 92.8912, 92.1008, 92.1456, 90.1328, 91.9696, 179.6192, 164.7712, 99.6, 98.6288, 95.0176, 95.0592, 91.3984, 90.2288, 91.328, 90.9888, 89.9456, 177.432, 209.1008, 209.0496, 94.6144, 91.4112, 91.1936, 91.8, 91.7648, 88.5328, 87.2208, 87.1712, 90.4432, 87.2912, 84.1456, 88.12, 80.9376, 88.8048, 86.6528, 87.1568, 94.7088, 95.1264, 91.3936, 96.5088, 86.5552, 90.9408, 87.3248, 88.1152, 86.2544, 92.2368, 86.1408, 87.7024, 91.2608, 87.5504, 90.1392, 90.0768, 85.0912, 86.2128, 79.5808, 85.824, 85.32, 88.7744, 90.8448, 92.6288, 91.8448, 91.8704, 87.48, 91.7584, 86.1824, 81.8128, 83.0944, 85.7296, 89.8304, 88.544, 89.0752, 90.8752, 91.4192, 89.424, 81.8736, 89.152, 91.5376, 87.7392, 84.1504, 87.5984, 94.6672, 93.8944, 93.816, 92.9488, 91.44, 91.1152, 90.2304, 92.2656, 92.7712, 92.0416, 94.3744, 93.208, 92.552, 93.4064, 177.4656, 165.728, 92.2144, 92.3296, 92.8736, 92.6288, 91.5328, 92.048, 91.9296, 92.4928, 90.3632, 91.6144, 93.072, 93.272, 88.4848, 187.624, 155.5968, 100.1616, 97.808, 97.2096, 96.6512, 95.752, 95.3904, 97.3136, 92.5872, 87.832, 87.0832, 85.3616, 90.736, 92.3504, 92.0496, 92.016, 90.1792, 90.0384, 90.2208, 91.1632, 89.9792, 88.3488, 91.8128, 91.0176, 91.2464, 90.0432, 92.6336, 89.2128, 88.52, 91.4272, 89.44, 94.0112, 93.3264, 92.7824, 91.008, 92.6288, 90.8816, 94.0688, 92.7904, 92.4304, 92.9408, 92.9792, 93.928, 93.1888]"
B2,"[253.1488, 253.1488, 253.0768, 252.6048, 252.3952, 252.96, 253.2144, 253.256, 253.2928, 252.7824, 253.2208, 252.9888, 252.9248, 253.0208, 252.4944, 252.7376, 252.7088, 250.8384, 253.2784, 253.2688, 251.8, 251.9872, 252.7952, 252.7008, 252.5312, 252.416, 251.8832, 251.0416, 251.1584, 251.1872, 252.328, 252.3792, 252.0912, 250.624, 251.0368, 251.3024, 251.3472, 251.5536, 252.2192, 247.6336, 253.5136, 252.9808, 253.8544, 253.9696, 253.7824, 252.992, 253.2032, 253.1328, 252.0992, 252.8256, 252.3456, 251.9792, 252.376, 252.2896, 252.0464, 251.9376, 251.7936, 252.2384, 252.6496, 252.6928, 250.8976, 252.3232, 252.9456, 252.1744, 251.872, 251.6224, 251.5776, 251.432, 251.1824, 250.7328, 251.0464, 249.4992, 251.1696, 250.8288, 251.528, 251.824, 251.6592, 251.456, 250.4688, 249.9696, 250.1936, 250.7344, 251.312, 250.5728, 251.3856, 251.104, 250.8608, 250.9328, 251.0656, 251.1168, 251.3216, 251.0624, 249.9984, 251.0192, 251.0944, 251.2592, 250.5184, 251.4576, 251.456, 251.8176, 251.7888, 251.0448, 251.096, 250.9264, 250.912, 251.4896, 251.752, 252.0096, 250.7088, 252.1456, 251.76, 251.5888, 251.8016, 252.1536, 248.7152, 250.5968, 251.5664, 251.8384, 250.5552, 248.264, 249.7136, 249.7008, 249.6768, 250.328, 250.1184, 250.4832, 251.3936, 250.4848, 252.8512, 252.264, 251.6048, 251.7472, 251.8944, 251.6688, 252.312, 252.2704, 250.3392, 252.3456, 250.3808, 251.7568, 252.936, 252.9424, 252.6368, 252.6176, 252.56, 252.504, 251.8688, 250.328, 251.792, 251.6384, 250.5552, 252.4, 252.4512, 251.9664, 252.1936, 252.8464, 252.4128, 251.992, 251.9776, 250.8896, 252.3744, 252.024, 251.6752, 250.6768, 251.584, 251.7488, 251.4272, 250.9472, 251.576, 251.6144, 250.1728, 250.8448, 251.0576, 250.6064, 251.1344, 250.8656, 250.2128, 250.9888, 250.4336, 250.4384, 251.8976, 251.9168, 251.9728, 250.7488, 251.1888, 250.9472, 250.7824, 250.5648, 250.4688, 250.3696, 250.4768, 251.9952, 251.488, 252.7408, 252.68, 251.9504, 251.2256, 251.4, 251.6432, 251.5888, 251.5968, 251.3968, 251.312, 251.0688, 251.9344, 251.7088, 251.8592, 252.0768, 252.2688, 252.3504, 252.6272, 252.6576, 252.1552, 250.8608, 251.2448, 251.8, 251.7024, 251.9792, 251.8608, 252.2864, 252.1216, 252.128, 253.256, 252.32, 252.3136, 249.9104, 249.6976, 249.6208, 249.912, 249.8736, 250.1824, 250.8848, 250.8656, 251.5824, 251.5696, 251.3456, 252.0224, 251.3104, 252.6144, 252.3088, 252.2592, 251.9488, 251.2896, 251.144, 251.8272, 250.52, 251.032, 251.2976, 251.3184, 250.9184, 251.4128, 250.8832, 251.2416, 250.6544, 250.2608, 250.6752, 250.9744, 252.1696, 252.256, 250.9808, 251.288, 251.1152, 252.04, 251.4576, 251.36, 251.2944, 251.2224, 250.7328, 251.2576, 251.592, 251.2288, 251.7024, 251.4688, 251.5856, 251.216, 250.9952, 251.1712, 251.1872, 251.1584, 251.4624, 251.4736, 250.888, 250.4208, 251.1024, 251.752, 251.8048, 251.7264, 251.5952, 251.1984, 251.1104, 251.3472, 251.6432, 252.0496, 252.1392, 252.1376, 252.1296, 251.4, 251.5408, 251.7856, 252.1792, 251.424, 250.976, 251.0336, 251.0496, 251.2352, 251.5552, 251.7536, 251.4544, 251.2752, 251.0464, 251.2752, 251.2288, 251.3744, 250.9776, 252.8496, 251.848, 249.4208, 249.5088, 249.368, 249.416, 249.4144, 249.8576, 249.9536, 251.1712, 250.8864, 251.0016, 251.2128, 250.9392, 250.6112, 250.2192, 250.3456, 251.744, 251.7568, 251.7664, 251.6288, 251.4768, 251.3744, 251.8832, 251.7824, 251.5584, 251.3808, 252.0256, 251.9168, 251.9264, 252.3968, 251.9456, 252.1232, 252.0128, 251.8656, 252.0448, 252.256, 251.9248, 252.504, 252.5328, 252.5152, 252.5504, 252.5376, 252.4736, 252.472]"
G2,"[229.8288, 229.8288, 232.0672, 235.3904, 233.0192, 234.2576, 234.9904, 233.9456, 233.7344, 231.8816, 233.7264, 233.8288, 233.2048, 233.1104, 234.7888, 236.0432, 236.0928, 222.4672, 229.9744, 230.0288, 231.544, 231.2704, 233.392, 234.9328, 235.0496, 232.6592, 231.056, 226.4368, 226.2304, 225.9584, 225.4384, 240.8352, 242.0528, 235.9696, 235.0416, 235.1952, 234.568, 235.128, 231.456, 204.2432, 229.7248, 228.5136, 232.1312, 233.0304, 233.5232, 231.4304, 233.5776, 233.608, 229.9104, 232.0416, 230.4112, 229.8624, 233.8384, 234.1408, 234.2752, 234.0656, 233.312, 234.3936, 225.28, 231.5184, 220.1264, 224.2784, 227.7616, 227.0608, 233.4624, 232.5248, 231.9616, 231.712, 232.9984, 232.472, 232.3616, 212.9008, 216.312, 217.7312, 228.3056, 232.456, 232.2, 231.7776, 232.5552, 232.7168, 232.8464, 230.8592, 231.8768, 229.9872, 231.24, 229.4384, 233.3616, 233.5808, 233.6528, 233.6944, 225.9536, 230.088, 227.1424, 228.3712, 228.3456, 231.8544, 227.1616, 232.8912, 232.7168, 233.7136, 233.6336, 232.152, 223.7248, 233.2032, 233.424, 228.7216, 228.9824, 232.2784, 228.7456, 234.2528, 234.6096, 233.5488, 233.728, 233.8288, 207.3904, 221.1936, 239.0576, 240.8, 239.3056, 233.4016, 234.9632, 234.9888, 234.712, 234.6, 234.7952, 224.3264, 230.1248, 224.2912, 232.3232, 233.6464, 233.872, 234.5728, 234.72, 234.2944, 235.6, 235.416, 218.08, 224.3984, 217.2832, 220.4256, 228.9216, 232.0624, 233.3616, 233.7808, 233.5936, 234.1008, 229.5392, 223.4064, 228.4976, 228.0, 214.04, 232.1712, 233.8464, 233.0112, 232.0992, 233.864, 233.0464, 232.192, 231.9824, 220.6112, 229.4848, 229.7584, 232.9872, 232.0496, 234.1056, 234.0496, 233.4544, 233.8304, 232.04, 231.6112, 226.4464, 227.1248, 227.4336, 234.1296, 235.008, 234.8832, 232.0752, 234.1216, 232.328, 229.5984, 223.4576, 229.1008, 229.432, 224.6272, 228.5152, 233.3248, 233.0192, 233.6656, 233.8176, 234.1488, 234.2496, 228.3072, 225.4272, 231.2496, 231.6288, 234.432, 232.9968, 233.848, 234.7648, 234.4832, 234.4384, 232.1664, 231.992, 226.0624, 232.6384, 232.6096, 233.568, 233.8608, 234.2064, 233.808, 233.8688, 241.648, 241.3232, 235.2656, 235.7728, 235.9824, 235.9168, 234.5792, 233.9776, 234.8336, 235.224, 234.9648, 242.7648, 240.8336, 240.864, 234.6064, 235.376, 235.3744, 235.4336, 235.4, 234.624, 233.8912, 233.8336, 234.8224, 232.8576, 229.6048, 232.1888, 227.0544, 231.8768, 230.9504, 230.8976, 234.2656, 234.2512, 233.4128, 234.9488, 231.2048, 233.0496, 232.2672, 232.1696, 231.0512, 232.9984, 231.2672, 232.376, 234.4576, 233.7808, 234.6832, 234.8048, 231.0128, 231.2064, 223.3952, 228.856, 227.592, 230.24, 231.8864, 232.9872, 233.1968, 233.2128, 231.4016, 232.8576, 230.5248, 225.8256, 225.32, 227.8112, 231.352, 231.7056, 233.0304, 234.0128, 234.184, 233.4128, 229.5856, 233.792, 234.7552, 233.7424, 229.8848, 232.3584, 234.6608, 234.7712, 234.864, 234.8736, 234.3184, 233.6624, 233.0368, 233.2448, 233.2512, 233.5136, 234.2512, 234.4064, 235.0608, 235.3312, 241.5456, 241.3776, 234.5104, 234.8592, 234.8048, 234.6992, 233.864, 234.3952, 234.4656, 234.5632, 233.9712, 234.4304, 234.1888, 234.2224, 232.3232, 241.5984, 240.8112, 234.4736, 235.0672, 235.3088, 235.3856, 235.4016, 235.1744, 235.1968, 233.9024, 230.4032, 230.704, 231.2272, 232.6944, 234.1664, 234.6032, 234.5872, 234.2256, 234.3696, 234.7456, 235.224, 234.9008, 234.1472, 235.5376, 235.3536, 235.264, 234.6576, 235.4352, 234.208, 232.88, 233.896, 232.0816, 234.8768, 235.256, 235.0592, 234.4512, 234.8064, 233.7104, 234.5424, 234.656, 234.6032, 234.5472, 234.4752, 234.5808, 234.5776]"
R3,"[82.7312, 82.7312, 83.9312, 81.5584, 85.0144, 85.5808, 86.3312, 84.0096, 83.6832, 81.512, 80.1232, 81.272, 81.8544, 81.9008, 79.7584, 78.0352, 78.0944, 79.4272, 82.952, 82.9184, 81.9264, 81.8592, 81.7776, 81.704, 81.552, 86.1536, 84.0096, 84.5904, 83.0528, 80.0496, 83.9456, 159.3856, 159.0528, 84.7536, 86.6928, 85.8224, 85.0432, 83.0464, 85.6128, 85.6608, 80.4576, 84.7152, 83.2176, 83.2976, 82.8192, 82.4816, 80.456, 81.1168, 81.8624, 83.4672, 83.448, 82.5472, 82.8304, 81.9872, 83.3344, 84.7104, 83.5424, 81.1456, 82.1568, 81.7248, 81.8592, 79.7344, 81.4608, 82.8704, 82.4736, 82.9184, 82.9104, 80.7968, 79.9888, 85.9296, 84.8768, 81.5136, 80.9296, 78.712, 81.5328, 82.9904, 83.4512, 85.5424, 83.0288, 84.2544, 83.9072, 85.256, 87.0624, 85.5392, 88.1824, 85.264, 82.9664, 85.024, 83.32, 84.5984, 84.64, 85.456, 83.2208, 81.5472, 81.3296, 81.8064, 82.1952, 83.9456, 82.12, 84.2592, 82.3584, 84.1312, 84.5584, 83.9152, 84.0192, 83.184, 80.8768, 84.2448, 83.0192, 83.4784, 83.3424, 81.8368, 84.1024, 83.0992, 81.384, 83.6704, 172.4896, 167.8768, 160.8176, 85.7984, 83.6576, 85.4544, 86.128, 84.2528, 83.5472, 87.3504, 87.8464, 86.2224, 84.7376, 85.4448, 86.2912, 84.9248, 84.2272, 85.2976, 84.6208, 85.0816, 84.5776, 83.5968, 84.8048, 84.1344, 85.888, 85.096, 87.0928, 88.392, 84.5408, 88.7104, 86.9088, 85.6112, 85.1408, 81.6256, 81.9968, 83.0144, 81.9072, 81.5328, 82.6368, 79.5328, 78.4784, 81.4896, 82.888, 83.3424, 83.3808, 84.1488, 85.9296, 85.7312, 84.7968, 84.416, 83.464, 86.1856, 83.1872, 85.5392, 83.472, 84.9568, 87.3664, 84.3936, 84.048, 85.928, 84.8192, 81.7296, 85.5152, 85.0208, 83.2864, 83.784, 85.4288, 86.6592, 87.2176, 85.3296, 83.4832, 84.52, 83.5808, 82.3792, 82.3136, 83.0352, 85.3216, 87.432, 82.2624, 83.496, 81.9152, 82.6736, 79.9184, 80.6528, 81.8432, 84.2192, 85.0864, 83.984, 83.6832, 83.5376, 82.8496, 85.0304, 82.4656, 81.1952, 84.6032, 162.8944, 147.32, 83.2464, 86.0448, 85.456, 86.904, 86.4512, 85.7744, 82.856, 84.3296, 83.6704, 155.4384, 176.0768, 176.0224, 89.0608, 87.088, 86.4304, 86.5632, 86.5008, 86.24, 86.3552, 86.3328, 86.6592, 86.12, 85.0848, 83.0816, 84.7984, 83.3552, 83.024, 83.416, 84.1376, 83.2368, 84.68, 83.76, 85.4656, 84.3088, 84.192, 87.0976, 83.8048, 85.1456, 84.7312, 84.104, 83.7232, 85.6048, 86.2192, 85.3968, 83.7536, 84.3328, 83.6496, 86.0032, 84.4288, 83.8064, 84.0336, 81.68, 83.368, 86.2752, 85.2176, 84.1312, 84.7024, 83.6608, 81.0224, 82.4112, 84.6944, 85.5008, 84.5088, 82.4192, 82.6544, 83.3536, 83.8608, 85.1024, 86.4448, 86.384, 85.5152, 85.088, 85.3488, 84.6096, 83.72, 83.6576, 86.5184, 82.6448, 85.8704, 87.9248, 85.3968, 84.4416, 86.0688, 84.2176, 90.1392, 85.9504, 170.152, 151.3232, 85.48, 82.8176, 83.3824, 81.864, 82.6464, 84.6784, 85.5072, 85.5504, 87.096, 89.0016, 86.7312, 85.5152, 84.3824, 163.5888, 127.6544, 89.2896, 86.48, 83.4432, 85.192, 84.8096, 85.3472, 85.4192, 85.7408, 86.3536, 88.3312, 84.5872, 83.144, 85.9616, 85.8704, 86.4496, 84.9504, 82.024, 83.5328, 82.6224, 81.4576, 82.3216, 81.648, 82.9152, 82.8352, 83.5536, 84.3136, 83.0736, 80.8416, 81.544, 84.9584, 86.12, 84.64, 85.5584, 84.6128, 85.2176, 82.4976, 84.1312, 84.496, 81.8432, 85.2368, 83.64, 85.6576, 85.3904]"
B3,"[242.5392, 242.5392, 242.6384, 242.0768, 243.0912, 243.712, 244.0608, 243.6592, 243.5168, 242.8064, 242.1936, 242.0208, 241.8672, 241.9424, 241.5024, 241.4608, 241.44, 241.9216, 242.7312, 242.696, 242.9536, 242.9936, 242.7216, 243.2688, 243.1008, 244.0608, 243.6064, 243.7696, 243.3168, 242.2, 243.3472, 247.5808, 246.8784, 241.0144, 241.9632, 242.1568, 241.992, 242.256, 242.712, 242.696, 242.4416, 243.2672, 242.6064, 242.4752, 242.488, 242.4368, 242.2912, 242.832, 243.1296, 244.0688, 244.2608, 244.1872, 244.1664, 243.904, 244.4304, 244.7472, 244.6432, 243.6064, 243.6704, 242.8352, 242.9648, 242.7776, 242.4944, 242.5504, 242.3952, 242.7808, 242.3312, 242.0592, 241.3856, 242.9312, 243.1088, 242.44, 241.92, 241.3488, 242.4256, 242.4928, 242.8384, 243.2432, 243.0288, 242.8944, 242.7488, 243.504, 243.744, 243.3248, 243.3712, 243.1808, 242.456, 243.0464, 242.5424, 242.4368, 242.5536, 242.6768, 242.712, 241.8448, 242.0224, 241.7216, 241.7856, 242.496, 241.9744, 242.1472, 241.4704, 242.44, 242.5136, 242.1888, 242.7568, 242.4608, 242.5104, 242.8512, 243.1648, 243.8464, 243.7584, 243.8128, 243.8096, 242.3456, 241.5296, 242.1568, 247.2704, 246.5744, 245.7872, 240.6592, 241.3136, 242.2224, 242.3744, 241.9264, 241.7856, 242.0576, 241.4864, 240.8048, 241.2576, 242.2224, 242.328, 242.0592, 242.0688, 242.5696, 241.9728, 242.432, 242.3248, 242.5312, 242.9424, 242.8176, 243.2704, 243.2032, 243.8384, 244.2992, 243.4352, 244.2528, 243.9728, 243.416, 243.1728, 242.48, 242.2816, 242.5136, 242.2832, 242.2496, 242.7088, 241.648, 241.1152, 242.0592, 242.928, 242.9664, 243.0192, 243.1744, 243.8288, 243.5072, 243.7168, 243.6736, 243.7424, 244.3584, 244.184, 243.1584, 241.816, 242.7712, 243.3936, 243.1184, 243.056, 243.3888, 243.064, 242.4832, 243.0192, 243.2416, 243.1728, 242.9712, 243.0016, 243.6512, 243.8576, 243.5984, 242.2432, 242.5072, 242.36, 242.2144, 242.92, 243.1648, 243.8128, 243.6688, 242.2192, 242.2064, 241.1616, 241.6464, 240.6832, 240.9184, 240.8304, 241.6304, 241.7168, 241.8736, 241.9552, 242.2992, 242.8112, 243.6912, 242.728, 242.2384, 242.6192, 246.6112, 244.7648, 240.4896, 241.9568, 241.512, 241.8784, 242.0064, 242.2096, 242.128, 242.3248, 242.3408, 247.8496, 248.1056, 247.7664, 241.9072, 242.0992, 242.1328, 242.5104, 242.4688, 242.5952, 243.0, 242.9856, 243.3968, 243.256, 243.1824, 242.816, 243.2704, 243.064, 243.0272, 243.1104, 243.3728, 243.2944, 242.6016, 242.8752, 243.1392, 242.912, 243.0176, 243.8384, 242.7712, 242.7872, 242.5072, 242.7216, 242.8416, 243.2848, 243.5728, 243.128, 243.6912, 243.9568, 243.1984, 243.5088, 243.9136, 242.8144, 242.624, 241.6256, 242.8, 242.936, 242.3056, 242.5856, 242.736, 242.5888, 241.5872, 241.8672, 242.2736, 242.3152, 242.2096, 241.8688, 241.9504, 242.4752, 241.84, 242.3488, 242.9824, 242.2384, 242.1216, 242.2208, 242.1792, 241.8992, 241.9296, 242.4384, 243.6352, 243.0064, 243.064, 242.696, 242.3024, 242.6864, 242.5424, 242.088, 243.3328, 242.8752, 247.2768, 245.744, 242.9776, 242.8912, 243.088, 242.928, 242.4544, 242.968, 243.12, 242.7104, 242.7728, 243.304, 243.0592, 242.9728, 242.8512, 245.2944, 240.9776, 240.8624, 240.6864, 240.1904, 240.6368, 240.8928, 241.2192, 240.9424, 241.2304, 241.4192, 242.0112, 241.3008, 241.2528, 241.8656, 241.544, 241.6688, 240.8176, 241.04, 241.968, 241.5968, 241.12, 241.6976, 241.5776, 241.9024, 241.9648, 242.0976, 242.176, 241.9424, 240.8048, 241.2512, 242.3952, 242.928, 242.7632, 242.7568, 242.7792, 243.0112, 241.9904, 242.9104, 242.3696, 241.3168, 242.072, 241.1856, 241.8048, 242.2192]"
G3,"[220.7712, 220.7712, 220.5824, 219.5792, 220.7616, 221.936, 222.4448, 221.6064, 221.5408, 220.96, 220.1744, 220.2128, 220.2544, 220.2912, 219.608, 218.9216, 218.9424, 219.4832, 220.344, 220.3216, 220.5008, 220.5696, 220.1616, 220.5472, 220.3824, 221.8144, 221.288, 222.3792, 220.5472, 219.4176, 221.304, 223.1264, 221.9504, 218.1328, 218.6448, 219.7184, 219.7552, 219.744, 220.824, 220.5584, 217.0512, 219.0896, 218.4688, 218.4144, 218.592, 218.5568, 217.8304, 218.712, 217.8208, 219.224, 219.2224, 219.4288, 219.3584, 219.0176, 219.664, 220.336, 220.3232, 218.2, 218.7616, 217.912, 219.6064, 218.6448, 219.0048, 219.0, 217.9232, 217.9664, 217.8768, 217.608, 216.3904, 218.704, 218.7872, 218.0224, 217.2368, 216.84, 217.7376, 217.8432, 218.2368, 218.7872, 218.0768, 218.2128, 218.0768, 219.4016, 220.0288, 220.24, 220.7296, 220.0016, 218.5008, 219.9296, 218.8272, 218.76, 219.3792, 219.7392, 220.0112, 218.7728, 218.9344, 219.216, 219.4368, 220.3824, 219.7472, 219.6736, 218.6688, 220.1456, 220.1904, 219.832, 220.3392, 220.28, 219.008, 219.984, 220.1424, 220.0368, 219.96, 219.5984, 219.7856, 219.3984, 218.8816, 219.3744, 219.1456, 219.9952, 220.2272, 218.8544, 219.9104, 220.1296, 220.0192, 219.5968, 219.5616, 219.84, 219.9632, 219.4128, 216.5984, 217.8576, 219.5456, 219.4016, 219.2704, 219.2064, 219.5552, 220.0192, 219.7856, 219.9136, 220.5696, 220.744, 221.1568, 220.8048, 221.4608, 221.9456, 220.0848, 221.888, 221.8032, 221.2624, 221.0608, 219.4608, 219.4384, 218.936, 218.728, 218.8608, 219.816, 218.8432, 218.2416, 219.8944, 220.64, 220.64, 220.5232, 219.3904, 220.3264, 219.656, 219.5088, 219.6192, 220.7392, 221.9248, 220.6352, 221.3488, 220.1152, 220.8656, 221.2416, 220.5008, 220.3536, 221.0448, 220.8736, 220.096, 220.4864, 220.4416, 220.3408, 220.1136, 220.4912, 221.3408, 221.5168, 220.952, 220.1952, 220.3152, 219.76, 219.2864, 220.1376, 220.5328, 221.5552, 222.2208, 220.6016, 220.4976, 219.1024, 219.9984, 218.7824, 218.6624, 220.104, 221.104, 220.912, 221.3264, 221.0288, 221.4784, 219.7376, 221.5744, 220.5232, 220.0944, 221.2496, 220.6912, 221.5776, 218.768, 220.5728, 220.4416, 220.7712, 221.4208, 221.4144, 220.152, 220.7072, 220.9072, 222.744, 219.7936, 219.832, 218.5344, 219.9232, 220.3056, 220.8976, 220.8544, 220.8224, 220.3184, 220.3008, 221.1264, 221.0, 220.7376, 219.944, 220.168, 220.2816, 220.4752, 220.5936, 221.1696, 220.8816, 220.8592, 220.9664, 221.2416, 221.128, 221.4352, 222.496, 220.7008, 220.8256, 220.4336, 220.1408, 219.9536, 220.5824, 220.8352, 220.5616, 220.3536, 220.3792, 219.3168, 219.384, 219.2656, 219.3632, 219.352, 218.4208, 219.8576, 220.6528, 219.1792, 219.92, 220.5024, 220.248, 219.6496, 220.0816, 220.7136, 220.664, 220.5216, 218.6752, 220.4352, 220.968, 220.672, 221.7488, 222.3072, 221.384, 221.4672, 221.2736, 220.824, 220.5984, 220.1408, 220.2496, 221.848, 219.9152, 220.6416, 220.0912, 219.216, 219.4192, 219.672, 218.4896, 220.4208, 219.8384, 222.6368, 224.2544, 220.1056, 220.1616, 219.3664, 219.3888, 218.8048, 219.5584, 219.5376, 219.04, 219.2672, 220.272, 220.2352, 220.5936, 220.6, 223.5408, 220.3888, 219.6752, 220.6704, 220.8672, 221.4864, 222.5264, 221.3888, 221.0976, 221.5632, 221.5248, 221.7408, 221.7104, 221.248, 221.8976, 221.4784, 221.0512, 220.4752, 218.872, 220.2096, 220.1264, 219.3392, 219.9872, 219.8656, 220.0816, 220.1776, 220.344, 220.1712, 219.6048, 217.5872, 217.8848, 219.6032, 220.384, 219.5456, 220.0048, 219.744, 219.8208, 218.4256, 220.7136, 219.7792, 218.2736, 219.4544, 218.312, 219.0112, 219.872]"
R4,"[79.4064, 79.4064, 84.6464, 90.1344, 86.6032, 90.6928, 91.4688, 88.6032, 88.8368, 90.2448, 86.5872, 91.552, 85.8112, 85.7648, 89.7584, 91.032, 90.896, 84.6256, 85.704, 85.84, 86.5456, 86.4944, 83.6336, 89.3072, 88.6944, 89.648, 90.6528, 87.8736, 86.768, 88.8224, 85.7488, 174.3776, 151.7712, 91.976, 93.056, 92.32, 90.5936, 92.424, 89.9872, 88.3328, 94.992, 89.328, 79.776, 91.528, 85.9536, 81.7776, 91.1344, 82.904, 89.4272, 88.152, 77.9312, 93.304, 88.8976, 92.352, 89.7632, 92.856, 87.0992, 89.6496, 87.608, 87.472, 83.6864, 77.4336, 87.1152, 88.0704, 91.7744, 90.48, 88.9344, 84.1776, 94.2832, 85.3744, 86.3408, 87.3248, 85.8688, 88.4864, 85.56, 87.6528, 89.216, 88.4864, 88.5728, 90.1552, 88.032, 89.5328, 90.608, 90.4144, 83.2576, 86.6944, 88.1408, 89.2624, 81.712, 86.0896, 90.4624, 90.5136, 88.2928, 89.376, 89.3376, 89.6592, 83.8432, 85.0224, 91.584, 79.4848, 90.0896, 89.7344, 84.3872, 89.5136, 89.5712, 84.072, 91.8368, 91.16, 83.2544, 87.0176, 92.9568, 86.712, 88.4544, 91.9328, 90.24, 92.5328, 218.488, 216.6656, 95.1488, 95.2608, 90.4, 90.2464, 90.7872, 90.6816, 90.1232, 91.184, 89.0464, 87.3984, 87.1824, 87.4784, 89.64, 88.3616, 92.224, 81.5808, 88.184, 92.3344, 93.3568, 86.2288, 89.5664, 84.0576, 90.568, 86.7904, 93.1904, 93.4544, 87.5008, 90.9648, 88.2112, 88.4, 92.592, 87.7408, 89.264, 92.6336, 89.8832, 87.1664, 94.7168, 83.9344, 92.2496, 91.6848, 82.7248, 88.8208, 89.544, 91.3952, 88.1152, 77.0496, 94.208, 94.0288, 90.6464, 90.5024, 88.5312, 88.7408, 89.0528, 88.0464, 88.3872, 89.5408, 92.3776, 91.1744, 91.5968, 90.6992, 92.5776, 93.3584, 89.4944, 89.208, 89.8752, 82.2064, 92.824, 89.3376, 91.0672, 89.5936, 89.1408, 92.4784, 91.952, 89.9264, 89.1344, 87.7088, 85.7296, 94.3872, 89.4816, 90.7936, 92.1088, 90.3424, 90.8784, 90.6736, 89.6368, 82.9184, 91.5248, 83.3984, 93.5344, 88.5184, 92.6832, 93.0944, 87.2912, 197.72, 163.864, 94.4736, 93.352, 92.1584, 91.1056, 92.496, 91.1328, 89.9472, 92.2144, 86.5968, 185.4672, 196.5984, 196.5504, 93.6928, 91.6272, 91.6128, 92.4928, 92.3104, 90.8656, 92.3696, 92.3696, 92.0528, 91.4912, 89.1312, 91.2784, 85.9296, 90.9616, 89.9824, 91.7872, 89.8176, 90.5232, 91.344, 86.544, 90.792, 90.5104, 92.1296, 90.5312, 89.4784, 88.32, 90.1296, 90.2096, 90.6944, 92.0672, 90.0192, 90.1408, 89.5008, 89.1104, 84.2128, 90.1232, 88.3552, 88.0032, 90.4816, 89.4976, 92.0176, 91.6224, 89.6064, 82.1808, 90.9808, 79.592, 89.0672, 88.7024, 86.0768, 91.6992, 87.096, 90.9616, 91.6144, 91.6192, 90.92, 93.3904, 91.2224, 90.896, 87.256, 89.0928, 92.9856, 90.5136, 91.3776, 91.4496, 90.5824, 92.936, 92.5488, 93.3888, 89.848, 86.5936, 86.3216, 92.8224, 91.6928, 90.4304, 212.1216, 184.8336, 91.3136, 92.6448, 91.3536, 90.3696, 93.1456, 84.656, 89.3312, 91.3936, 85.5376, 93.4528, 91.2288, 90.9792, 88.8912, 208.1712, 148.624, 96.12, 96.1504, 94.6096, 94.5216, 94.4784, 93.1696, 93.8352, 89.9808, 94.2688, 94.1744, 89.8192, 91.0784, 90.5552, 88.68, 89.8384, 90.1952, 89.6656, 91.4, 89.168, 90.128, 90.1808, 89.5312, 92.4704, 92.5264, 91.0, 91.736, 85.6944, 90.192, 91.536, 90.2208, 92.6336, 92.384, 91.9872, 91.9376, 91.0064, 94.0528, 93.2592, 91.4496, 92.7728, 91.9328, 92.0528, 92.8176, 92.6688]"
B4,"[249.9776, 249.9776, 250.9744, 252.5568, 252.0576, 252.3888, 252.5344, 252.176, 252.248, 252.7168, 252.4224, 252.896, 252.6864, 252.5776, 253.1632, 253.3472, 253.4496, 252.872, 253.0736, 253.1136, 252.5936, 252.5712, 252.112, 252.3376, 252.2592, 252.3408, 252.176, 251.8624, 251.656, 252.0176, 252.1744, 252.184, 251.2336, 250.0688, 250.3168, 250.3824, 250.7392, 251.4192, 250.8736, 251.104, 251.5632, 251.3936, 250.5456, 251.6832, 252.024, 251.504, 251.8976, 250.6048, 252.3696, 252.112, 250.2832, 252.1072, 251.7728, 252.3664, 252.3712, 252.4896, 251.5792, 251.984, 251.8752, 252.1264, 251.8832, 248.6176, 251.9376, 251.8112, 251.1584, 250.9936, 251.3904, 251.0144, 251.2064, 251.3168, 251.5792, 251.9408, 251.7968, 252.2352, 252.2512, 252.5984, 251.376, 251.3072, 251.3664, 251.5888, 251.5008, 251.6432, 251.9376, 251.8656, 251.1952, 252.3552, 252.9456, 252.0288, 251.1872, 251.472, 252.8816, 252.5984, 252.6448, 252.6816, 252.6224, 252.4944, 252.4768, 252.2288, 252.4016, 251.7408, 252.2, 251.6288, 251.3216, 251.8624, 251.5744, 251.368, 251.7216, 251.6176, 252.2608, 252.8128, 252.2352, 251.528, 251.8048, 251.9744, 251.8224, 252.1808, 253.6656, 253.4416, 250.9456, 250.7744, 251.1952, 251.456, 251.6672, 251.344, 251.3712, 251.3664, 251.184, 251.336, 252.3376, 252.128, 252.5296, 252.4704, 252.2336, 250.8592, 252.224, 252.5248, 252.36, 252.5664, 252.5648, 251.7968, 252.7904, 252.4816, 252.1088, 251.9552, 251.304, 251.7664, 251.3536, 251.6016, 252.3392, 252.3088, 251.9856, 252.1424, 251.8576, 251.7392, 252.0656, 252.1248, 252.1808, 252.2272, 252.4496, 253.1392, 253.2688, 253.2768, 252.9216, 248.7984, 252.4608, 252.7408, 252.36, 252.192, 251.984, 251.9968, 252.2016, 251.928, 251.872, 251.8928, 252.0288, 251.9776, 252.3696, 252.3952, 252.6992, 252.7872, 252.3376, 252.8272, 253.248, 251.4304, 252.5344, 252.0032, 252.0192, 251.7392, 251.8496, 252.0672, 251.9168, 252.0864, 251.816, 251.6272, 251.44, 252.224, 252.088, 252.2016, 251.8144, 251.6224, 251.5008, 251.8896, 251.6368, 251.2752, 252.3616, 251.5776, 252.2704, 252.2336, 252.3024, 252.4448, 253.0416, 253.2608, 251.7664, 251.4688, 251.0144, 250.7824, 251.2112, 251.6464, 251.6496, 251.7392, 252.2656, 251.5872, 252.9184, 253.2, 253.1664, 252.1728, 252.1216, 252.1216, 252.256, 252.2688, 252.24, 252.5328, 252.5328, 252.4352, 252.4512, 252.376, 252.4848, 251.8976, 252.6768, 252.5456, 252.912, 252.7408, 253.1808, 252.8112, 252.3088, 252.7904, 252.6592, 252.6832, 252.5504, 252.4096, 252.6992, 252.7856, 252.8832, 253.1248, 252.8912, 252.4736, 252.4144, 252.9168, 252.9728, 252.8768, 252.8576, 252.5888, 252.4624, 252.8848, 252.9408, 253.1312, 252.8256, 252.376, 251.4384, 252.6656, 252.4096, 251.9024, 251.7424, 251.5104, 252.0992, 251.584, 252.1504, 252.2592, 251.9168, 251.6928, 252.0912, 251.6384, 251.7552, 251.648, 252.384, 252.12, 251.6272, 251.7488, 251.9136, 252.1136, 252.3936, 251.7584, 251.9776, 251.7344, 251.3056, 251.088, 251.8144, 251.9072, 251.9776, 253.3792, 252.0256, 252.7648, 252.848, 252.9408, 252.0336, 252.52, 252.2656, 252.7696, 253.128, 251.9696, 252.848, 252.6528, 252.7424, 252.5776, 253.6848, 251.16, 251.7712, 251.872, 251.976, 252.12, 252.0128, 251.8224, 251.8544, 252.4944, 252.9344, 252.8432, 252.8464, 252.712, 252.6624, 252.184, 252.352, 252.3376, 252.5264, 252.9584, 252.6448, 252.9056, 252.9632, 253.024, 253.0768, 252.8368, 252.7696, 252.4544, 251.7456, 252.016, 252.224, 252.2128, 252.4336, 252.448, 252.2928, 252.0208, 251.9232, 252.1552, 252.1376, 251.9936, 252.3888, 252.1904, 252.0672, 252.288, 252.3344]"
G4,"[214.4288, 214.4288, 221.6112, 229.5248, 227.12, 228.9632, 230.1056, 229.024, 229.1824, 230.0912, 227.1696, 229.4848, 226.9008, 226.7888, 229.2352, 231.024, 230.9456, 227.5328, 226.7584, 226.5008, 225.1312, 225.0896, 224.5264, 228.7408, 228.8912, 230.16, 231.3776, 229.9232, 229.3184, 230.5824, 225.6112, 239.5312, 238.5664, 231.6272, 232.3872, 232.3104, 231.1648, 231.7648, 230.4864, 229.6736, 231.6304, 229.8656, 219.9616, 231.7856, 228.2704, 223.7008, 231.1648, 226.2416, 231.3968, 231.096, 217.1776, 229.5216, 227.7312, 231.4672, 230.0768, 231.312, 228.376, 229.2768, 228.4, 228.3248, 225.9776, 209.5312, 228.6864, 228.5296, 232.1104, 231.3376, 229.9456, 227.8144, 231.7168, 228.9952, 229.5072, 230.6176, 229.5936, 230.8656, 229.0544, 229.88, 232.0304, 231.7792, 231.8752, 232.9824, 232.168, 232.3856, 233.008, 232.7712, 227.5584, 229.8832, 230.9408, 232.408, 225.1456, 228.568, 231.984, 232.1392, 231.0128, 231.7344, 232.2768, 232.1584, 229.1264, 228.5728, 231.8416, 222.776, 230.0576, 230.3424, 228.008, 232.2032, 232.1424, 226.2016, 231.2064, 230.6848, 226.528, 228.5456, 231.2624, 228.8064, 230.1712, 231.5376, 231.896, 232.6992, 241.2, 241.4, 233.0384, 232.9296, 232.5888, 233.2016, 233.296, 232.5296, 232.5328, 232.6912, 232.3552, 231.56, 230.0768, 229.36, 231.0304, 230.5168, 233.2704, 226.104, 230.1664, 231.472, 232.5856, 228.1056, 229.2528, 224.8416, 230.4512, 229.4208, 232.7664, 232.6416, 228.512, 230.64, 230.1024, 230.048, 232.4624, 231.3328, 228.8768, 230.7232, 230.128, 227.7392, 232.2272, 228.2224, 231.9168, 232.2688, 224.5792, 229.2448, 229.5536, 230.9808, 230.0448, 210.7328, 232.44, 233.1696, 231.9264, 231.8432, 231.9456, 231.9392, 232.1408, 230.944, 230.6448, 230.4352, 231.0864, 230.4704, 230.7616, 231.096, 231.6256, 232.1664, 231.2256, 230.5888, 231.368, 221.0176, 233.08, 231.2992, 232.656, 231.8016, 230.8256, 232.416, 232.2384, 230.8048, 230.5248, 229.2352, 228.688, 232.5792, 231.52, 231.6064, 231.664, 231.2128, 231.1472, 231.2224, 230.7312, 225.4368, 232.112, 227.6832, 231.9216, 230.1856, 231.4768, 231.9136, 226.7408, 244.0704, 240.448, 232.5504, 232.9312, 232.6992, 232.0288, 232.592, 232.2736, 231.712, 232.5776, 230.6528, 241.992, 241.496, 241.448, 233.1904, 232.9808, 232.9664, 233.056, 233.0256, 232.3584, 232.5568, 232.5568, 232.7424, 232.8944, 232.3328, 233.04, 229.0352, 230.7488, 230.152, 232.0048, 231.7728, 231.8608, 232.7632, 230.5824, 232.1568, 232.256, 232.8832, 232.2384, 231.8064, 230.4704, 230.7792, 230.8416, 231.2112, 232.2416, 231.3696, 230.0384, 231.92, 232.2848, 229.7984, 232.3504, 231.048, 230.8048, 231.7712, 231.7632, 233.0288, 233.4192, 232.64, 228.4048, 233.1072, 225.712, 231.2704, 230.4112, 229.1392, 232.7392, 230.1152, 232.152, 232.5472, 232.4304, 232.2128, 233.3488, 232.8576, 232.6656, 228.8496, 229.7728, 232.3184, 231.8992, 232.1792, 232.5648, 230.8544, 232.4368, 232.7984, 233.2672, 231.8896, 229.2736, 228.0128, 231.8464, 231.96, 231.2208, 241.7136, 241.2496, 232.2944, 232.9376, 232.5392, 230.8464, 233.4528, 229.3008, 230.1024, 232.5312, 228.8944, 233.2816, 232.8128, 232.6832, 232.7072, 242.3328, 238.1024, 233.2272, 233.6016, 233.696, 233.7968, 233.9312, 233.0672, 233.1328, 231.8976, 233.6016, 233.7744, 231.976, 232.3136, 231.9392, 231.5488, 232.0912, 231.648, 231.5984, 232.28, 231.4512, 231.6848, 231.7984, 231.0752, 233.328, 233.6848, 233.2784, 233.7152, 228.9648, 232.384, 233.008, 232.8448, 233.8336, 233.816, 232.9056, 232.4816, 231.9264, 232.9856, 233.1392, 232.736, 233.6976, 233.0976, 232.7536, 233.4576, 233.5376]"
R5,"[73.4832, 73.4832, 76.5056, 71.0832, 71.6848, 71.6832, 65.4464, 77.2496, 77.3456, 75.5952, 74.7392, 74.088, 67.208, 67.1472, 73.7344, 66.0224, 66.0896, 68.7184, 70.5232, 70.0384, 71.3456, 71.5904, 72.448, 73.2528, 72.8672, 67.4288, 73.8624, 70.6592, 73.5824, 74.1584, 65.3984, 220.1344, 89.8896, 81.4016, 79.3888, 78.8864, 70.0208, 71.4096, 53.8432, 54.0608, 71.592, 69.5424, 63.6816, 72.152, 65.1616, 65.2, 66.9632, 61.3808, 66.016, 70.0048, 64.7232, 70.8512, 69.1008, 67.5952, 71.2272, 71.0064, 70.7696, 69.5568, 65.0576, 62.9472, 53.5456, 64.1568, 71.96, 64.4544, 62.4144, 70.5008, 62.4064, 67.2576, 65.3472, 66.4096, 68.0304, 66.344, 65.2048, 62.0144, 66.2576, 63.7536, 62.416, 64.1136, 73.232, 65.5072, 66.3424, 62.5168, 62.7856, 66.5536, 66.0048, 68.8896, 68.6304, 63.4976, 65.064, 68.5584, 62.7152, 58.0512, 62.1888, 69.0752, 67.3536, 70.112, 68.9424, 66.304, 69.52, 69.672, 60.3504, 62.1072, 67.4048, 71.3072, 71.5104, 65.6448, 68.4304, 68.304, 68.4864, 73.6624, 63.7632, 70.4432, 59.7472, 65.5952, 64.4144, 147.7344, 241.9424, 239.9552, 132.6816, 74.4912, 73.3376, 72.3376, 71.9136, 59.656, 62.3744, 67.968, 67.6032, 68.472, 63.2416, 62.6576, 63.824, 64.3888, 67.4432, 61.6528, 66.5568, 69.1008, 62.0448, 68.4528, 62.0736, 67.7248, 66.7168, 68.9808, 64.8576, 62.84, 68.152, 69.5872, 68.3536, 62.5584, 65.2288, 68.5584, 74.016, 72.1376, 70.464, 75.5696, 73.9696, 68.0688, 70.0896, 70.912, 63.4144, 67.8976, 70.9616, 62.5584, 71.08, 69.6944, 63.9168, 64.9024, 68.7168, 70.6288, 69.488, 69.0496, 70.6656, 64.2224, 64.0848, 72.4432, 72.12, 68.3824, 73.3504, 65.1136, 69.3936, 69.7552, 66.8528, 67.6032, 62.24, 66.432, 73.0672, 71.4928, 67.4048, 63.88, 65.9712, 69.9536, 67.8864, 66.5328, 67.568, 68.3216, 70.168, 69.4048, 68.5792, 71.192, 70.1648, 70.0352, 66.0848, 67.3136, 70.5328, 69.784, 72.1696, 71.32, 70.6144, 71.56, 67.0896, 68.6528, 64.2672, 223.528, 80.232, 79.3248, 77.0784, 75.2864, 74.4656, 73.8496, 67.8912, 73.9872, 73.664, 73.9328, 218.736, 231.2448, 231.248, 77.3168, 77.8528, 77.7424, 73.416, 73.4144, 74.696, 74.616, 74.6176, 65.872, 67.4608, 67.4832, 74.0352, 70.5024, 65.72, 62.5248, 65.8448, 70.3408, 67.6448, 66.808, 61.5056, 64.8384, 71.8512, 73.376, 64.1008, 64.5968, 65.6688, 73.4688, 72.0864, 71.5136, 72.5376, 73.696, 65.664, 69.1824, 72.5296, 65.9664, 67.4464, 66.992, 63.2736, 66.384, 69.4096, 72.3632, 70.6928, 66.4048, 69.8944, 74.1376, 73.112, 71.2144, 69.2608, 72.0032, 71.0368, 71.6544, 70.72, 71.3184, 71.4688, 72.1216, 71.6768, 72.3904, 72.3776, 71.6464, 72.0288, 70.9456, 74.5824, 70.6848, 72.3184, 71.4912, 70.864, 75.5168, 74.6912, 67.4176, 70.5184, 70.1696, 74.3488, 74.864, 68.3456, 222.7312, 77.848, 77.8608, 76.0864, 74.8576, 73.7056, 74.1088, 74.784, 70.8144, 75.5408, 74.9824, 74.312, 71.8176, 71.4368, 72.4784, 223.616, 79.8064, 77.1616, 77.2368, 76.4768, 75.2976, 75.808, 73.7472, 71.504, 71.3504, 70.1184, 68.4368, 77.4128, 71.7072, 69.1088, 71.1648, 69.9136, 66.96, 74.2832, 74.984, 72.7216, 73.5392, 68.6736, 72.1024, 70.952, 71.6752, 70.432, 71.1184, 71.3888, 72.648, 72.1136, 70.5072, 70.92, 70.3632, 70.408, 70.9984, 72.9296, 72.8112, 70.5488, 72.1648, 71.4624, 67.856, 70.1344, 70.1552, 69.6688]"
B5,"[253.8288, 253.8288, 253.7872, 253.0192, 253.1376, 252.6592, 250.152, 253.7648, 253.7072, 253.4624, 253.304, 253.0352, 252.096, 252.1216, 253.584, 250.8592, 250.8672, 252.6464, 253.5024, 253.4944, 253.8112, 253.8, 253.8928, 253.888, 253.8896, 252.9568, 254.28, 253.1264, 254.184, 253.9504, 251.6416, 254.4064, 252.3552, 251.8592, 251.7968, 252.0048, 252.4688, 252.6128, 242.5136, 243.2512, 253.7648, 253.5392, 251.9984, 253.7728, 252.144, 252.9008, 253.5184, 251.2576, 253.7856, 254.3632, 253.1488, 254.0704, 253.5616, 253.1552, 254.0144, 253.9088, 253.8768, 253.8016, 253.1472, 252.5888, 245.1792, 252.5616, 252.7696, 252.5392, 251.3968, 253.5552, 252.1296, 253.3296, 252.3056, 252.9216, 253.7824, 253.1648, 253.0416, 251.9424, 252.9088, 252.3552, 252.0672, 252.7712, 254.1024, 253.096, 253.2, 252.1152, 252.4464, 253.6896, 252.824, 253.5536, 253.8784, 252.2288, 252.992, 253.72, 253.3504, 248.592, 251.7072, 254.1328, 253.9296, 253.96, 253.7872, 253.368, 254.0608, 253.9872, 251.1408, 251.6096, 253.6288, 253.28, 253.2272, 252.8704, 253.3648, 253.3728, 253.688, 253.8992, 252.3792, 254.3648, 248.7344, 254.2528, 253.0304, 253.1392, 254.8448, 254.5792, 251.6048, 251.8576, 252.752, 252.7824, 252.7424, 247.4976, 249.5744, 253.4672, 253.6848, 253.3584, 252.9616, 252.0672, 252.8768, 252.96, 253.6592, 250.9584, 252.792, 253.5808, 250.6272, 253.5168, 251.3152, 253.4112, 253.7856, 254.3456, 253.1168, 251.7104, 253.5232, 254.2832, 253.9392, 251.12, 252.1568, 253.8432, 254.2928, 254.1376, 253.7584, 254.2352, 254.1184, 253.6128, 253.8992, 254.192, 250.9728, 253.792, 254.1232, 252.3024, 253.736, 253.6272, 252.6992, 252.3008, 253.8352, 253.5696, 253.4608, 252.7552, 253.952, 252.8304, 251.9648, 254.1472, 253.9328, 253.288, 254.0848, 252.856, 253.9424, 254.1056, 253.3344, 253.2912, 251.4608, 253.3328, 254.024, 254.0464, 253.48, 252.1584, 252.4832, 254.208, 252.8464, 252.312, 252.7552, 253.2704, 253.8752, 254.0992, 253.9792, 254.2176, 254.0512, 254.3024, 253.08, 253.7152, 253.9824, 253.664, 254.528, 254.4064, 253.9504, 253.968, 252.9872, 253.5808, 252.1568, 254.5792, 253.0912, 253.152, 252.7744, 252.7472, 252.7616, 252.84, 252.6272, 254.0896, 254.1168, 254.1488, 254.3584, 254.8704, 254.8784, 251.4512, 252.0176, 251.9616, 252.5376, 252.8048, 253.0096, 253.1248, 253.1232, 253.6512, 253.9808, 252.76, 253.9696, 253.32, 252.264, 250.1488, 252.9424, 254.12, 253.7664, 253.4928, 250.1072, 252.632, 253.32, 253.2896, 252.7968, 253.1584, 253.1488, 254.0544, 254.0176, 254.0064, 253.9728, 254.0832, 251.9088, 253.992, 253.7392, 252.8048, 253.0144, 251.9584, 251.0128, 251.28, 253.6448, 253.6416, 253.3744, 252.4576, 253.9824, 253.496, 253.2688, 253.3664, 253.16, 253.96, 253.8256, 253.9424, 253.68, 253.5568, 253.648, 253.6432, 253.5504, 253.5008, 253.4336, 253.1984, 253.4464, 253.1376, 253.5328, 253.136, 253.4576, 253.3072, 253.3536, 253.4576, 253.4368, 252.9488, 253.2256, 253.2736, 253.5296, 252.7952, 252.5808, 254.3696, 252.2736, 252.696, 253.0496, 252.8496, 252.9008, 252.9104, 252.8912, 252.7136, 253.2944, 253.2656, 253.176, 253.1184, 252.688, 252.9088, 254.3904, 251.6912, 252.1904, 252.336, 252.5088, 252.2336, 252.3312, 253.0848, 252.992, 253.0976, 253.1648, 252.7744, 253.8464, 253.3168, 252.5824, 253.16, 252.872, 253.8736, 254.3696, 254.1536, 253.992, 254.1008, 253.568, 254.0768, 253.9968, 254.0816, 253.8512, 254.024, 254.048, 253.9344, 254.0272, 253.8416, 253.8896, 253.7456, 253.7728, 253.7648, 253.8448, 253.736, 253.6896, 253.9808, 253.9488, 253.2448, 253.5328, 253.512, 253.4496]"
G5,"[234.5344, 234.5344, 235.1728, 230.632, 229.0976, 227.0224, 212.6096, 233.1472, 233.304, 233.064, 231.5184, 230.7968, 224.432, 224.5312, 230.848, 219.4208, 219.5168, 224.6784, 227.2592, 227.4896, 227.7968, 227.752, 230.4336, 231.1952, 231.248, 226.2224, 231.0352, 225.1328, 229.2384, 229.616, 216.0784, 246.6224, 236.448, 235.4448, 235.9824, 236.952, 227.944, 229.048, 171.4544, 172.7056, 227.72, 227.2416, 215.9616, 233.5888, 224.3856, 222.6848, 224.8256, 215.3392, 223.864, 232.3312, 227.7728, 232.0176, 230.4336, 228.6688, 231.6256, 230.9552, 231.2416, 230.9008, 227.2928, 223.6864, 180.7872, 214.792, 234.3664, 230.664, 221.8512, 232.7376, 221.6656, 226.6288, 222.9936, 225.0704, 231.48, 229.3984, 228.776, 221.248, 224.52, 222.8512, 221.3328, 224.8384, 232.7936, 227.0576, 225.8192, 221.1936, 220.464, 225.6464, 223.408, 228.8752, 230.4928, 222.8112, 224.712, 228.1568, 218.0368, 199.6416, 209.8288, 227.0416, 226.9808, 230.1024, 232.88, 230.6144, 233.5328, 233.3696, 214.5376, 214.6528, 226.9648, 233.904, 234.0624, 226.4288, 227.8624, 228.1488, 229.0624, 233.9344, 222.0688, 230.0, 199.5088, 226.1616, 221.5328, 238.6048, 242.6848, 242.8304, 238.5488, 233.7248, 235.1968, 234.6144, 234.3264, 193.7856, 200.1136, 220.6736, 227.3328, 228.8608, 224.576, 222.6736, 224.2496, 224.0672, 227.96, 213.5568, 220.9664, 225.528, 213.184, 227.2816, 213.552, 222.4112, 224.5824, 230.8832, 225.6256, 216.2928, 226.2416, 231.5648, 230.3552, 217.832, 219.76, 227.048, 233.5792, 232.6736, 231.792, 235.224, 234.3536, 229.3072, 231.0032, 232.664, 216.776, 226.9856, 230.3632, 222.0672, 230.08, 229.0176, 224.0976, 223.5872, 228.3104, 229.7504, 229.1888, 226.616, 232.2368, 226.432, 222.9408, 233.4896, 232.488, 229.1216, 235.5184, 224.5248, 230.4, 230.4688, 227.4688, 227.5792, 216.3984, 223.0, 231.2736, 231.2096, 228.6416, 222.8608, 223.6144, 229.0432, 225.4208, 223.792, 223.08, 224.6176, 228.3776, 230.024, 230.104, 231.856, 231.048, 232.0144, 227.2304, 228.3136, 230.9072, 230.0048, 232.6848, 233.984, 233.0016, 233.9008, 228.4656, 229.8256, 215.744, 245.4352, 235.6352, 235.9632, 235.9696, 235.7952, 235.232, 234.7136, 225.104, 234.2928, 234.264, 234.4032, 245.0912, 245.344, 245.3344, 234.9248, 235.0736, 235.0112, 234.112, 234.0, 235.0288, 235.248, 235.2464, 229.4224, 231.4352, 224.4208, 233.8064, 230.168, 223.2896, 212.9392, 221.0464, 231.8736, 231.0336, 230.1776, 201.9712, 217.4864, 232.6096, 233.6576, 224.6288, 225.1008, 225.5616, 232.76, 232.1088, 231.8464, 231.5152, 232.0672, 222.8544, 230.1584, 233.6304, 228.9632, 229.592, 222.1552, 217.6352, 218.8384, 228.4112, 234.8448, 235.0912, 222.5712, 230.232, 235.5296, 234.0336, 232.7136, 231.0208, 234.5136, 234.232, 235.7728, 234.9952, 234.6416, 234.7904, 235.1184, 234.4448, 234.5136, 234.2912, 233.7872, 234.376, 233.7568, 235.4544, 233.4528, 234.5952, 233.4928, 232.1168, 235.6272, 235.8512, 231.7376, 233.1824, 233.0368, 235.0544, 236.1936, 230.8832, 244.7312, 235.2624, 235.072, 235.2704, 234.904, 235.4288, 235.4432, 235.696, 233.44, 236.096, 236.6128, 236.2128, 235.656, 233.68, 234.4304, 243.8912, 234.4928, 235.7552, 235.616, 236.3152, 235.176, 235.9552, 234.9808, 232.6736, 232.9728, 231.0512, 228.0992, 235.6496, 232.456, 230.6016, 232.6064, 231.9136, 228.6432, 236.144, 236.424, 235.512, 235.6624, 232.8016, 235.7152, 234.6528, 236.5168, 235.536, 236.056, 236.1984, 236.8832, 236.8352, 235.9984, 236.3216, 235.9584, 236.0832, 235.9728, 236.896, 236.9296, 236.2192, 236.5744, 236.0992, 232.216, 233.7808, 233.4464, 233.5168]"
R6,"[83.5408, 83.5408, 83.5696, 87.6608, 84.128, 91.5056, 85.5232, 91.04, 91.208, 76.5424, 85.6336, 91.1232, 86.9776, 86.8352, 97.1168, 88.3248, 87.9536, 84.408, 76.6768, 76.64, 88.064, 88.0608, 94.2224, 78.0256, 78.5968, 90.256, 85.448, 76.9344, 92.208, 88.5136, 80.0896, 227.688, 96.4128, 97.9296, 96.9504, 94.0912, 97.3424, 95.6448, 85.4864, 76.9968, 87.0336, 75.3584, 84.3664, 87.9216, 88.1952, 85.2528, 80.216, 77.7904, 86.776, 91.1808, 87.224, 90.6512, 80.8432, 79.3424, 82.8256, 82.5552, 74.0096, 71.3984, 76.5616, 73.4544, 79.9088, 75.2064, 75.08, 71.528, 80.2368, 77.72, 80.4144, 91.0288, 85.2784, 87.1536, 88.6944, 85.616, 87.9808, 86.864, 74.6864, 70.2832, 82.408, 86.8784, 86.3776, 83.7056, 79.8912, 71.2304, 83.8288, 84.4528, 85.3728, 69.912, 83.52, 87.0176, 83.7024, 85.2912, 84.8576, 83.848, 91.0064, 81.3504, 86.6848, 84.6672, 83.992, 87.1936, 74.8208, 84.8864, 88.5408, 77.9664, 90.0352, 92.1344, 92.7216, 91.4128, 83.904, 83.8064, 69.3632, 82.0448, 81.512, 83.4912, 74.0576, 80.4672, 87.6192, 194.9664, 235.1472, 231.76, 95.504, 94.5792, 94.9632, 94.4512, 93.1136, 80.8976, 73.904, 85.0496, 91.16, 89.2992, 73.8576, 84.016, 86.5504, 79.4224, 84.4864, 92.4912, 81.84, 83.0112, 82.1088, 84.3424, 84.6736, 88.5456, 79.2032, 78.264, 90.968, 80.9936, 78.7792, 84.504, 91.5568, 90.072, 83.464, 82.808, 88.544, 75.992, 86.3776, 85.6176, 71.3824, 91.8768, 85.2656, 79.1472, 79.344, 75.84, 96.3136, 83.2208, 87.336, 91.696, 73.7888, 86.248, 88.9568, 81.936, 88.7744, 89.7536, 87.6656, 79.3216, 70.4848, 72.8032, 84.3504, 83.9792, 85.752, 85.7808, 85.1088, 85.032, 84.592, 83.0912, 81.7968, 80.1024, 84.3424, 90.0464, 84.8368, 84.1024, 84.1104, 77.4496, 84.2448, 91.5552, 81.4352, 91.528, 90.4672, 78.1552, 82.8624, 92.4064, 88.68, 81.0048, 92.5168, 91.376, 81.9792, 84.2864, 83.0384, 84.92, 89.5168, 93.536, 87.0624, 90.0528, 89.3936, 229.7728, 107.6064, 97.7744, 97.5312, 95.0224, 93.344, 86.1648, 74.5872, 90.896, 80.2208, 85.0704, 220.096, 220.3296, 220.3488, 101.648, 99.8992, 99.9008, 97.2176, 97.2208, 84.6352, 82.5264, 82.4832, 95.9744, 81.1744, 96.5248, 94.0784, 91.3376, 95.032, 78.2432, 81.504, 87.4352, 91.5696, 85.5104, 88.2496, 84.1344, 83.5136, 81.4992, 92.1312, 94.5136, 87.3968, 92.072, 91.04, 74.9072, 85.7664, 92.2176, 89.6528, 82.9888, 82.2304, 91.4544, 89.56, 86.1264, 89.904, 88.5664, 90.4816, 94.1152, 87.2688, 89.0112, 81.2544, 86.552, 93.8608, 94.4816, 83.9104, 90.5984, 94.6, 88.3008, 88.4128, 91.3056, 90.0576, 93.7808, 92.6944, 97.88, 85.8272, 88.9952, 78.2672, 81.952, 89.2448, 90.1104, 96.4832, 94.1088, 77.7392, 85.4096, 91.7296, 91.4384, 90.6464, 92.8992, 93.4736, 94.8752, 179.0848, 221.9296, 100.168, 96.6912, 95.7152, 95.1984, 97.1248, 94.456, 92.5584, 91.8064, 89.3072, 92.2032, 96.5856, 91.952, 79.9568, 185.5136, 216.6272, 100.1888, 98.0432, 97.3232, 97.8288, 98.2272, 91.5584, 84.6448, 93.8576, 93.752, 96.3328, 94.6352, 94.928, 94.2496, 83.856, 96.2336, 97.0512, 82.3792, 94.416, 90.1456, 93.9968, 92.0512, 91.3472, 94.7856, 83.7376, 91.7488, 90.8928, 90.0016, 93.3568, 90.0016, 92.696, 91.456, 97.1472, 96.56, 96.4544, 95.4704, 90.2912, 99.0032, 95.7296, 98.4288, 91.2832, 97.4624, 82.312, 91.72, 89.736]"
B6,"[251.1376, 251.1376, 250.6128, 251.5696, 250.952, 251.6192, 251.7584, 251.2512, 251.2416, 251.768, 252.744, 252.9104, 252.5792, 252.5376, 252.9648, 251.9408, 251.7344, 251.6464, 250.1168, 250.3408, 251.6816, 251.6288, 251.6832, 250.9072, 250.792, 251.0896, 251.4336, 249.2704, 251.8704, 252.0608, 251.6944, 253.8784, 251.8048, 252.2736, 251.8336, 251.9856, 252.1536, 252.032, 251.5968, 250.1568, 250.576, 249.5616, 250.912, 251.8608, 251.7728, 251.5648, 251.5296, 250.9328, 251.2912, 252.2288, 251.6592, 251.9376, 251.6672, 251.0608, 251.5712, 251.5968, 250.3024, 249.408, 250.8736, 248.9728, 252.6864, 252.0864, 250.872, 249.0912, 250.7344, 250.1328, 250.8912, 252.7856, 252.0784, 252.4176, 252.6512, 252.7088, 252.4112, 252.3712, 251.0496, 247.6176, 252.8368, 252.6288, 252.8608, 252.6432, 251.8608, 247.3328, 250.6464, 252.3552, 252.6272, 249.8096, 252.2656, 252.6608, 252.5232, 252.4864, 252.9888, 252.8096, 253.2816, 252.6448, 252.1152, 251.872, 251.8352, 251.736, 250.8752, 252.7136, 252.2704, 251.5328, 251.8544, 252.1184, 252.48, 252.4144, 251.7456, 251.6656, 248.776, 252.344, 252.4592, 251.7536, 250.9264, 251.1136, 252.7536, 253.0224, 254.4448, 254.3504, 251.936, 252.4448, 252.6816, 252.5424, 252.416, 251.4192, 248.2432, 251.7536, 252.6064, 252.8096, 249.1408, 251.5504, 251.8608, 251.1136, 251.5936, 253.1616, 252.6128, 252.736, 252.6272, 252.84, 252.8064, 252.9584, 252.2544, 251.0128, 252.328, 251.8976, 250.7376, 251.6752, 252.4976, 252.288, 251.6736, 251.096, 252.6752, 250.3552, 251.7616, 252.0064, 247.6, 252.0448, 251.968, 250.1072, 250.2768, 249.8048, 252.64, 252.0752, 251.744, 252.12, 246.8064, 250.4992, 251.4144, 251.232, 251.608, 251.7728, 251.8832, 250.9952, 248.7136, 248.0096, 251.9696, 252.2304, 252.0, 252.2144, 252.4944, 252.456, 252.4688, 252.4224, 252.1776, 251.0336, 251.9376, 252.096, 252.0336, 252.0768, 251.9264, 251.6976, 251.88, 252.5616, 250.584, 252.64, 252.4672, 251.5776, 251.9728, 251.6768, 251.9312, 252.0752, 252.68, 252.6112, 251.7968, 251.152, 251.0096, 251.264, 251.528, 251.9504, 251.4128, 251.76, 252.0, 254.344, 250.0672, 250.0352, 249.9424, 250.064, 250.4928, 252.3536, 248.616, 251.8704, 251.8592, 251.504, 253.7248, 253.904, 253.928, 252.6384, 252.3536, 252.36, 252.2256, 252.2256, 251.848, 251.728, 251.6864, 250.2752, 251.1904, 252.2, 251.6848, 252.0816, 252.0768, 250.7104, 250.9344, 253.4048, 252.5872, 252.104, 251.5728, 250.8208, 250.72, 249.9632, 251.912, 251.1552, 251.0656, 251.8928, 252.2, 250.1904, 251.6176, 251.8912, 252.0256, 251.4048, 251.384, 251.8176, 251.7376, 251.2672, 251.4512, 251.248, 251.4928, 252.4688, 251.8992, 252.2848, 251.848, 252.1984, 252.1328, 251.92, 252.0384, 252.5056, 251.9424, 251.6496, 251.656, 251.8896, 251.9776, 252.2752, 252.2816, 251.8736, 251.5072, 251.6272, 250.9888, 251.5008, 252.5808, 252.4608, 252.6944, 252.7104, 251.7984, 251.5216, 252.1024, 252.1536, 252.0816, 252.2512, 252.3632, 252.5824, 252.7968, 254.0528, 251.9168, 251.5072, 251.5552, 251.4976, 251.6448, 251.8208, 251.616, 252.1024, 252.1872, 252.3664, 252.4208, 252.896, 251.4272, 253.0336, 254.1152, 251.7888, 251.912, 251.9584, 251.9504, 252.0128, 252.2192, 251.9536, 252.448, 252.4944, 252.1264, 252.1584, 252.2624, 252.4656, 251.856, 252.2816, 252.4144, 252.1136, 251.704, 251.9824, 252.5728, 252.1504, 251.9536, 251.7792, 251.944, 252.6576, 252.7456, 252.8496, 251.8512, 252.0272, 252.0352, 252.2352, 252.744, 252.6496, 252.6688, 252.776, 252.496, 252.1952, 251.8496, 252.216, 252.1472, 252.4528, 252.264, 251.592, 251.8928]"
G6,"[223.12, 223.12, 222.4304, 227.2032, 225.8128, 229.5824, 226.248, 229.7264, 229.9536, 220.7536, 226.3888, 229.5248, 228.2224, 228.272, 232.6752, 229.7008, 229.5968, 227.4176, 219.384, 219.3952, 231.0704, 231.176, 233.3232, 221.9312, 221.7328, 229.3904, 227.2368, 209.5296, 232.184, 230.3088, 224.3904, 242.7264, 235.688, 236.2112, 235.6752, 234.872, 235.6352, 235.8848, 231.6128, 219.112, 226.6656, 216.3232, 224.4528, 228.7056, 229.528, 228.1424, 227.208, 223.456, 226.5744, 232.176, 230.7552, 231.8096, 227.808, 224.7104, 226.0368, 225.6736, 216.7424, 214.3056, 219.7408, 214.3296, 225.7984, 222.4656, 220.2496, 215.4352, 221.8784, 219.8336, 223.1152, 232.1408, 228.2496, 229.6288, 230.4544, 230.1728, 232.0, 231.6464, 214.4576, 201.6992, 227.4496, 229.8336, 229.9264, 228.1376, 224.5232, 201.3232, 220.984, 227.392, 228.3664, 208.4864, 226.6176, 227.7696, 227.9728, 229.8992, 229.4864, 229.3088, 233.1168, 227.3328, 231.6656, 230.7728, 230.1488, 231.864, 214.8032, 228.0848, 230.2656, 222.856, 232.1232, 236.3072, 236.672, 236.1056, 231.8848, 231.6544, 200.848, 223.848, 224.896, 226.9552, 218.248, 224.1856, 231.136, 240.4912, 242.7504, 244.0208, 236.9296, 237.3776, 237.248, 236.9504, 236.2176, 227.1536, 207.984, 226.3696, 231.176, 231.5024, 213.6128, 223.5344, 227.3776, 222.856, 225.7728, 234.088, 226.4128, 227.448, 226.5536, 228.4896, 227.7856, 229.944, 223.1296, 220.2576, 230.9376, 226.8656, 223.456, 227.6784, 232.7664, 232.1648, 228.776, 227.3104, 231.8976, 216.6704, 229.0976, 229.2192, 201.5776, 232.4704, 229.8688, 223.5216, 224.328, 217.5456, 234.1936, 229.7664, 232.0816, 233.0944, 203.8272, 222.4928, 231.7456, 227.6368, 231.152, 231.368, 230.6768, 226.2896, 216.1776, 208.2448, 222.024, 224.2688, 226.936, 227.3056, 227.6816, 229.2496, 225.9392, 225.456, 224.7936, 221.9104, 228.176, 232.4224, 230.4832, 230.76, 230.2912, 224.3072, 227.7152, 232.0176, 222.832, 230.1248, 229.9264, 222.7552, 226.7536, 231.8016, 229.8544, 226.9632, 232.0352, 231.8128, 227.76, 227.3888, 226.84, 228.0576, 230.4656, 232.9392, 230.1216, 231.4544, 230.0704, 244.784, 237.7856, 237.2368, 237.3056, 236.3664, 236.5152, 231.7216, 211.784, 230.6704, 224.1824, 226.7264, 244.3296, 244.5728, 244.5952, 235.76, 235.5008, 235.528, 234.8192, 234.9584, 229.0288, 227.7088, 227.6624, 234.5856, 226.2912, 234.896, 234.5072, 233.144, 234.6032, 222.8848, 224.7632, 231.76, 232.8448, 230.8528, 232.2416, 229.6048, 227.7536, 224.2912, 230.2928, 232.5536, 229.7728, 233.0512, 233.2224, 211.2208, 225.7616, 230.8864, 230.7552, 227.8016, 227.5248, 232.1328, 231.7696, 230.4288, 231.7552, 230.9232, 232.0032, 234.8352, 231.6976, 232.928, 226.8096, 229.5184, 233.7472, 235.1056, 227.6064, 231.9216, 235.56, 233.5888, 233.6608, 234.0144, 233.584, 235.4656, 234.3424, 236.1488, 233.1248, 234.1856, 222.6608, 225.144, 231.6704, 232.0448, 236.032, 235.5888, 220.352, 230.0816, 234.6096, 234.8416, 234.6016, 234.9168, 235.4624, 236.0864, 243.568, 243.7184, 235.3264, 236.272, 236.5888, 236.5088, 236.8192, 236.1728, 235.3408, 235.072, 234.3536, 234.9536, 236.4752, 233.9312, 223.4336, 241.9104, 242.672, 236.8432, 237.2688, 237.2848, 238.0208, 238.0608, 234.936, 228.912, 233.7296, 233.8272, 234.84, 234.3408, 235.1504, 234.7984, 227.9856, 233.784, 234.3056, 224.888, 234.2704, 234.1792, 235.5904, 234.8384, 234.2032, 235.3552, 230.4416, 234.2928, 234.4528, 234.2512, 236.1392, 234.504, 234.8848, 234.3136, 236.6416, 236.3008, 236.4336, 236.5904, 234.1888, 236.4448, 235.8384, 236.8608, 234.3488, 237.1152, 228.7488, 233.8304, 233.5152]"
R7,"[79.09130434782608, 79.09130434782608, 91.17246376811595, 86.40579710144928, 89.6376811594203, 90.78550724637681, 83.6, 94.8159420289855, 94.42898550724638, 83.33768115942028, 89.8695652173913, 86.2072463768116, 84.01159420289855, 83.90579710144928, 91.97101449275362, 80.09130434782608, 80.6768115942029, 85.32753623188405, 78.80579710144927, 78.90289855072464, 92.76521739130435, 92.69565217391305, 90.42608695652174, 86.65217391304348, 86.74492753623188, 87.44057971014493, 72.61884057971014, 82.35797101449275, 87.21014492753623, 77.73913043478261, 154.75652173913045, 204.98985507246377, 92.50579710144928, 91.22028985507247, 89.96811594202899, 92.04057971014493, 90.8840579710145, 79.90289855072464, 87.82173913043478, 84.71884057971015, 88.11159420289854, 79.4608695652174, 85.05217391304348, 87.24057971014493, 91.17391304347827, 83.84057971014492, 86.5, 84.97246376811594, 86.55217391304348, 86.48115942028986, 79.7695652173913, 87.29130434782608, 88.30144927536232, 76.97536231884058, 84.54057971014493, 87.90144927536232, 87.45652173913044, 86.36086956521739, 84.43478260869566, 80.64202898550725, 76.70289855072464, 82.18840579710145, 77.11739130434782, 75.74347826086957, 90.55797101449275, 88.90579710144928, 90.32898550724637, 89.30434782608695, 81.60579710144927, 81.51739130434783, 82.18695652173913, 80.9768115942029, 82.38550724637682, 82.52028985507246, 76.5072463768116, 89.91304347826087, 85.64782608695653, 88.79565217391304, 88.10579710144927, 81.83478260869565, 80.88260869565218, 76.8159420289855, 81.79130434782608, 74.75217391304348, 84.08840579710144, 85.03623188405797, 83.66521739130435, 86.03333333333333, 85.30289855072463, 84.37246376811594, 89.27101449275362, 84.3159420289855, 82.23623188405797, 86.24782608695652, 85.1086956521739, 86.7072463768116, 87.57826086956521, 89.3159420289855, 90.86086956521739, 94.35652173913043, 88.22753623188406, 86.92028985507247, 86.18550724637682, 89.82463768115942, 87.9231884057971, 82.34057971014492, 81.9608695652174, 84.01159420289855, 89.01884057971014, 85.5695652173913, 88.89565217391305, 86.98550724637681, 82.73478260869565, 87.34927536231883, 81.33768115942028, 201.4231884057971, 236.55072463768116, 213.3913043478261, 134.30869565217392, 93.47826086956522, 93.6159420289855, 94.54347826086956, 94.29710144927536, 81.22608695652174, 85.63623188405798, 87.53623188405797, 78.92028985507247, 79.0072463768116, 79.95652173913044, 91.61739130434782, 78.38115942028986, 87.50579710144928, 92.46666666666667, 92.77536231884058, 88.26086956521739, 85.07826086956521, 87.9144927536232, 80.22898550724638, 83.99130434782609, 79.0072463768116, 92.68115942028986, 89.41159420289856, 90.29710144927536, 84.49565217391304, 89.14492753623189, 89.32028985507246, 90.99855072463768, 79.41884057971015, 83.73768115942029, 80.81884057971014, 81.76666666666667, 89.04492753623188, 83.27391304347826, 83.42463768115942, 94.40579710144928, 91.95072463768116, 89.11449275362318, 90.01739130434783, 88.78695652173913, 87.48260869565217, 89.56376811594203, 85.75217391304348, 89.29130434782608, 93.44782608695652, 91.33188405797101, 88.92608695652174, 92.93478260869566, 93.62608695652175, 86.31159420289855, 82.43913043478261, 82.23913043478261, 80.36521739130434, 88.90144927536232, 81.5768115942029, 92.82463768115942, 90.82608695652173, 92.53768115942029, 92.90434782608696, 89.13913043478261, 84.79855072463768, 83.25652173913043, 84.04057971014493, 80.18550724637682, 85.87246376811594, 87.20144927536232, 89.51304347826087, 91.72028985507247, 91.71449275362319, 93.9463768115942, 85.53478260869565, 83.03333333333333, 91.24927536231884, 85.75217391304348, 85.70434782608696, 89.40434782608696, 80.75942028985507, 92.35362318840579, 90.80144927536232, 89.26521739130435, 90.91304347826087, 81.14492753623189, 83.40434782608696, 79.73478260869565, 80.73188405797102, 91.4304347826087, 86.18115942028986, 86.68260869565218, 89.34782608695652, 90.48840579710145, 82.67971014492754, 175.00579710144928, 198.5927536231884, 98.81304347826087, 98.88695652173914, 96.06666666666666, 90.12898550724638, 91.5927536231884, 91.77971014492753, 92.64057971014493, 92.71014492753623, 93.38695652173914, 93.42898550724638, 231.7159420289855, 212.22898550724636, 212.18695652173912, 95.8840579710145, 96.55942028985507, 96.33333333333333, 92.19565217391305, 91.96376811594203, 85.24927536231884, 86.77971014492753, 86.77101449275362, 88.54057971014493, 88.95942028985507, 88.43913043478261, 88.70144927536232, 87.24347826086957, 81.90434782608696, 91.58695652173913, 78.91594202898551, 91.61159420289854, 92.03333333333333, 91.85217391304347, 90.16956521739131, 89.0391304347826, 86.28260869565217, 86.84927536231883, 80.97101449275362, 82.7231884057971, 83.63623188405798, 89.95942028985507, 89.11159420289854, 89.99710144927536, 89.52173913043478, 94.47101449275362, 86.9536231884058, 87.86521739130434, 74.35797101449275, 89.36666666666666, 86.39420289855073, 87.95797101449276, 81.4144927536232, 89.34057971014492, 90.21739130434783, 83.77246376811594, 92.9304347826087, 91.6304347826087, 87.77826086956522, 89.3768115942029, 77.5231884057971, 87.85072463768115, 88.28550724637681, 79.88260869565218, 90.35217391304347, 90.6159420289855, 91.57971014492753, 90.58840579710144, 87.33768115942028, 84.96666666666667, 87.48840579710145, 93.42608695652174, 93.14927536231885, 92.34782608695652, 92.70579710144928, 91.06086956521739, 90.17391304347827, 93.43478260869566, 91.85072463768115, 93.04057971014493, 88.19420289855073, 91.5536231884058, 83.14057971014493, 89.08115942028985, 85.49420289855072, 86.32463768115942, 94.63623188405798, 91.52173913043478, 179.62608695652173, 219.32028985507247, 92.7231884057971, 94.78695652173913, 93.67246376811595, 95.45652173913044, 92.09710144927536, 90.14492753623189, 91.98985507246377, 91.51159420289855, 90.76376811594203, 95.08985507246376, 90.09855072463768, 90.82173913043478, 86.58695652173913, 195.6623188405797, 192.72898550724636, 99.15942028985508, 99.01304347826087, 98.16376811594203, 94.20289855072464, 94.71739130434783, 94.28840579710145, 88.39855072463769, 89.0855072463768, 90.73913043478261, 93.20579710144928, 86.53333333333333, 89.55507246376811, 85.25797101449275, 94.31159420289855, 93.56086956521739, 89.29130434782608, 92.63478260869566, 95.36376811594202, 94.90579710144928, 90.73768115942029, 90.87391304347825, 90.71159420289855, 87.21159420289855, 93.3695652173913, 82.98695652173913, 90.58985507246376, 90.39565217391305, 93.32463768115942, 92.04927536231884, 90.43188405797102, 90.31304347826087, 89.46666666666667, 90.4304347826087, 83.75507246376812, 90.78695652173913, 92.41304347826087, 90.51014492753623, 93.80869565217391, 91.40869565217392, 95.5927536231884, 83.18260869565218, 93.46521739130435, 93.73768115942029, 93.82028985507246]"
B7,"[249.16086956521738, 249.16086956521738, 250.62753623188405, 250.25072463768117, 251.6246376811594, 251.6391304347826, 250.07101449275362, 251.98985507246377, 252.00579710144928, 249.59420289855072, 251.41304347826087, 250.80144927536233, 249.89420289855073, 250.1246376811594, 251.9927536231884, 250.9623188405797, 250.95797101449276, 251.31304347826088, 249.9536231884058, 250.07391304347826, 251.9855072463768, 251.88695652173914, 251.95652173913044, 251.9623188405797, 251.94927536231884, 251.65797101449274, 246.3231884057971, 250.0782608695652, 251.7840579710145, 250.07391304347826, 252.00144927536232, 254.17536231884057, 250.28840579710146, 249.70579710144926, 250.02028985507246, 250.20434782608694, 251.04057971014493, 249.29420289855074, 251.8376811594203, 250.90869565217392, 251.53623188405797, 248.99420289855072, 251.22753623188405, 251.74347826086955, 251.4913043478261, 249.9768115942029, 251.2463768115942, 250.9, 250.84782608695653, 250.7521739130435, 249.52173913043478, 251.268115942029, 250.98840579710145, 249.6550724637681, 250.90289855072464, 251.11449275362318, 251.18115942028984, 250.7608695652174, 250.23478260869564, 249.86376811594204, 248.2985507246377, 250.51014492753623, 248.57246376811594, 246.65797101449274, 251.08115942028985, 251.00579710144928, 251.51159420289855, 251.60434782608695, 250.1855072463768, 250.11739130434782, 250.47246376811594, 251.0086956521739, 250.80144927536233, 250.81594202898552, 248.57536231884058, 251.9304347826087, 251.1478260869565, 252.14927536231883, 252.6159420289855, 250.7405797101449, 250.54202898550724, 249.63623188405796, 251.19855072463767, 245.03333333333333, 251.52608695652174, 251.80869565217392, 251.98840579710145, 252.5304347826087, 252.26666666666668, 251.5840579710145, 252.4072463768116, 250.44782608695652, 250.29420289855074, 251.34927536231885, 251.0231884057971, 251.79565217391306, 251.78985507246378, 251.97246376811594, 252.40289855072464, 251.79565217391306, 251.50579710144928, 251.1623188405797, 250.74927536231883, 250.2913043478261, 250.2014492753623, 250.27391304347827, 250.80869565217392, 251.20579710144926, 251.94347826086957, 251.18840579710144, 251.468115942029, 251.02173913043478, 249.23043478260868, 250.91304347826087, 249.49710144927536, 253.09565217391304, 254.03333333333333, 253.05797101449275, 251.04347826086956, 248.42608695652174, 249.91159420289856, 250.04347826086956, 250.34782608695653, 250.18260869565216, 251.08695652173913, 251.2173913043478, 249.21304347826086, 248.31884057971016, 247.35942028985508, 251.72028985507245, 248.8521739130435, 250.42028985507247, 251.89710144927537, 251.86666666666667, 251.09420289855072, 250.38260869565218, 250.48115942028986, 247.43623188405797, 249.09710144927536, 247.91884057971015, 251.08840579710144, 251.4, 251.70434782608694, 250.89565217391305, 251.97536231884058, 252.08840579710144, 252.28840579710146, 249.66666666666666, 250.11884057971014, 248.59420289855072, 250.21014492753622, 251.8072463768116, 249.8217391304348, 250.01739130434783, 251.39565217391305, 251.13768115942028, 251.44927536231884, 251.27246376811595, 251.11739130434782, 251.2173913043478, 251.7231884057971, 250.43188405797102, 251.86521739130436, 252.02028985507246, 251.8217391304348, 251.28985507246378, 251.99565217391304, 252.0927536231884, 250.7985507246377, 250.43478260869566, 250.19710144927535, 248.8768115942029, 250.99710144927536, 248.11014492753623, 250.87826086956522, 250.91884057971015, 251.61014492753623, 251.52898550724638, 250.45652173913044, 250.11304347826086, 248.48115942028986, 249.54927536231884, 247.3217391304348, 250.8840579710145, 251.46376811594203, 251.38985507246377, 252.11159420289854, 251.9159420289855, 252.34057971014494, 251.0695652173913, 250.62028985507246, 251.98260869565217, 251.59710144927536, 250.98985507246377, 251.5086956521739, 249.13478260869564, 250.31594202898552, 250.62028985507246, 250.5623188405797, 250.8057971014493, 249.15942028985506, 249.99565217391304, 249.01304347826087, 249.41304347826087, 251.2840579710145, 250.6463768115942, 250.40434782608696, 251.18260869565216, 251.20724637681158, 249.04927536231884, 252.88985507246377, 253.69130434782608, 248.63768115942028, 249.0231884057971, 248.8536231884058, 250.04927536231884, 250.27826086956523, 250.37101449275363, 250.28985507246378, 250.4144927536232, 250.6695652173913, 250.1391304347826, 254.1478260869565, 253.14202898550724, 253.14492753623188, 249.93478260869566, 249.89710144927537, 249.85797101449276, 249.4536231884058, 249.36521739130436, 250.24492753623187, 250.78550724637682, 250.8, 251.19130434782608, 250.7768115942029, 250.81739130434784, 250.8521739130435, 250.44057971014493, 249.6304347826087, 251.5231884057971, 248.69565217391303, 251.02028985507246, 250.68260869565216, 250.8463768115942, 250.70579710144926, 250.76376811594204, 250.62898550724637, 250.2014492753623, 248.97826086956522, 248.8449275362319, 249.05797101449275, 250.5782608695652, 250.17246376811593, 250.81884057971016, 250.9536231884058, 250.83333333333334, 249.5231884057971, 250.11449275362318, 246.14202898550724, 250.83333333333334, 250.34927536231885, 250.6391304347826, 248.70289855072463, 251.94057971014493, 252.31159420289856, 251.20289855072463, 251.78840579710146, 252.0304347826087, 251.29710144927537, 251.85797101449276, 247.01739130434783, 250.2768115942029, 250.68115942028984, 249.45797101449276, 250.5376811594203, 250.40869565217392, 250.33188405797102, 249.87971014492754, 249.63623188405796, 248.9217391304348, 249.9840579710145, 251.10289855072463, 251.28985507246378, 251.37391304347827, 250.92028985507247, 250.28985507246378, 250.8463768115942, 251.24927536231883, 251.0072463768116, 251.15942028985506, 250.2391304347826, 251.36231884057972, 249.93333333333334, 251.17971014492753, 250.2391304347826, 249.86521739130436, 251.8449275362319, 251.77391304347827, 253.35797101449276, 253.6304347826087, 249.1536231884058, 250.62753623188405, 250.36376811594204, 250.69130434782608, 250.7985507246377, 250.65652173913043, 250.59855072463768, 250.37246376811595, 250.38260869565218, 250.65217391304347, 250.131884057971, 250.48115942028986, 250.1304347826087, 253.16086956521738, 252.62608695652173, 250.04057971014493, 250.18985507246376, 250.18840579710144, 250.00144927536232, 250.23333333333332, 249.79275362318842, 250.0144927536232, 250.34347826086957, 251.05652173913043, 250.5840579710145, 248.53623188405797, 249.2, 248.52608695652174, 250.23333333333332, 250.28550724637682, 249.2840579710145, 250.05652173913043, 250.42463768115942, 250.90869565217392, 250.13478260869564, 250.4913043478261, 250.7826086956522, 250.77826086956523, 251.67391304347825, 249.85797101449276, 251.3521739130435, 251.35942028985508, 251.70579710144926, 251.88115942028986, 251.7840579710145, 251.33188405797102, 250.32463768115943, 250.8913043478261, 249.97971014492754, 251.11449275362318, 250.51304347826087, 250.31014492753624, 250.85942028985508, 251.02028985507246, 251.531884057971, 250.34347826086957, 250.9768115942029, 250.85797101449276, 251.11449275362318]"
G7,"[217.88985507246377, 217.88985507246377, 232.0, 229.19710144927535, 232.54927536231884, 233.13478260869564, 227.7594202898551, 235.37246376811595, 235.5550724637681, 224.0391304347826, 232.35797101449276, 230.6231884057971, 226.16376811594202, 226.0231884057971, 234.57971014492753, 223.3217391304348, 223.0927536231884, 227.42608695652174, 221.6231884057971, 221.4927536231884, 232.22173913043477, 232.2478260869565, 234.59855072463768, 233.37101449275363, 233.37246376811595, 233.21884057971013, 201.75652173913045, 219.80434782608697, 227.55217391304348, 222.09130434782608, 233.06811594202898, 245.6782608695652, 236.07971014492753, 235.3536231884058, 235.3144927536232, 235.62028985507246, 234.38985507246377, 220.98115942028986, 230.1782608695652, 227.86231884057972, 230.4304347826087, 221.80144927536233, 226.03333333333333, 229.5840579710145, 233.85072463768117, 230.59565217391304, 232.5550724637681, 232.10579710144927, 232.1695652173913, 231.94057971014493, 227.9927536231884, 233.24347826086955, 233.44927536231884, 222.9623188405797, 229.86231884057972, 232.52463768115942, 232.75507246376813, 231.92608695652174, 230.12753623188405, 223.33333333333334, 211.65217391304347, 223.09565217391304, 215.56811594202898, 209.9, 233.1463768115942, 233.4840579710145, 234.68115942028984, 234.5536231884058, 230.9927536231884, 230.94927536231884, 230.99710144927536, 229.94057971014493, 230.0463768115942, 229.9449275362319, 213.85507246376812, 230.6014492753623, 228.93623188405797, 232.4855072463768, 233.54057971014493, 230.12898550724637, 229.36376811594204, 221.33623188405798, 226.62028985507246, 192.5159420289855, 227.64057971014492, 227.90434782608696, 227.84202898550726, 230.81159420289856, 232.48985507246377, 231.7840579710145, 233.84057971014494, 229.88115942028986, 228.02898550724638, 229.63768115942028, 229.15072463768115, 231.24202898550723, 231.70724637681158, 232.2391304347826, 232.7913043478261, 234.43188405797102, 233.55797101449275, 232.97971014492754, 232.07536231884058, 234.8072463768116, 234.7536231884058, 230.5768115942029, 228.11014492753623, 229.13768115942028, 233.16376811594202, 231.79420289855074, 233.18985507246376, 233.12898550724637, 226.14202898550724, 231.4768115942029, 227.28840579710146, 244.90869565217392, 243.72173913043477, 246.31014492753624, 239.49710144927536, 234.52463768115942, 235.97971014492754, 236.4536231884058, 236.8057971014493, 227.79565217391306, 230.58695652173913, 231.47536231884058, 220.868115942029, 218.95942028985507, 214.54782608695652, 231.9463768115942, 221.35942028985508, 230.91739130434783, 234.9144927536232, 234.89710144927537, 233.1231884057971, 230.4449275362319, 230.94782608695652, 214.24927536231883, 219.8608695652174, 213.3376811594203, 229.03623188405797, 230.08115942028985, 232.1246376811594, 229.56666666666666, 232.4608695652174, 232.84927536231885, 233.16376811594202, 224.74347826086955, 225.32608695652175, 221.57101449275362, 223.7478260869565, 231.56811594202898, 226.61014492753623, 226.9913043478261, 234.66086956521738, 234.43188405797102, 233.92898550724638, 233.97101449275362, 232.52898550724638, 232.8057971014493, 233.65217391304347, 231.12173913043478, 234.08840579710144, 235.30144927536233, 234.75072463768117, 234.04927536231884, 235.6855072463768, 235.71449275362318, 232.18260869565216, 227.18260869565216, 227.00289855072464, 221.8144927536232, 229.868115942029, 221.1246376811594, 233.84057971014494, 233.32753623188407, 235.16376811594202, 235.0072463768116, 231.3521739130435, 229.03333333333333, 221.97971014492754, 223.62898550724637, 216.97826086956522, 230.68695652173912, 231.00144927536232, 232.83333333333334, 234.1478260869565, 233.9304347826087, 234.92608695652174, 231.99565217391304, 227.74202898550723, 232.5855072463768, 230.74927536231883, 230.18695652173912, 231.26376811594204, 223.88115942028986, 232.23043478260868, 232.7840579710145, 232.8608695652174, 233.57971014492753, 227.07391304347826, 229.1927536231884, 226.68695652173912, 224.52028985507246, 232.59130434782608, 230.37826086956522, 230.28695652173914, 233.00579710144928, 233.51014492753623, 226.16521739130434, 242.37826086956522, 244.71449275362318, 235.41159420289856, 236.1231884057971, 236.20724637681158, 234.28115942028987, 235.031884057971, 235.02753623188406, 235.12608695652173, 234.8231884057971, 235.79420289855074, 235.45507246376812, 243.76521739130436, 244.49855072463768, 244.51304347826087, 235.9927536231884, 236.16521739130434, 236.18260869565216, 235.23043478260868, 235.23768115942028, 228.99710144927536, 230.38985507246377, 230.3840579710145, 232.55652173913043, 233.13478260869564, 233.72173913043477, 234.38260869565218, 233.39420289855073, 226.7753623188406, 232.08840579710144, 219.97826086956522, 232.8536231884058, 232.69855072463767, 233.24202898550723, 233.16521739130434, 232.8695652173913, 231.87101449275363, 231.5463768115942, 224.8695652173913, 225.41014492753624, 226.11159420289854, 232.65942028985506, 232.2913043478261, 233.38840579710146, 233.18695652173912, 235.20579710144926, 231.79420289855074, 233.2014492753623, 201.72898550724636, 231.69130434782608, 230.27101449275364, 231.09855072463768, 218.52898550724638, 230.15942028985506, 233.08840579710144, 229.2246376811594, 234.40434782608696, 234.60289855072463, 232.7173913043478, 233.60289855072463, 213.3057971014493, 229.91159420289856, 230.43623188405797, 222.79275362318842, 234.41014492753624, 235.04202898550724, 234.95942028985507, 233.99420289855072, 232.1927536231884, 230.11304347826086, 231.3695652173913, 234.5608695652174, 235.06666666666666, 235.59565217391304, 235.1246376811594, 233.6463768115942, 234.37101449275363, 235.9391304347826, 235.52753623188406, 235.56521739130434, 232.9231884057971, 236.1695652173913, 231.12608695652173, 234.2246376811594, 231.88695652173914, 231.40434782608696, 236.23333333333332, 236.06521739130434, 243.3231884057971, 243.9536231884058, 235.4072463768116, 237.07391304347826, 236.3753623188406, 237.11884057971014, 236.04057971014493, 235.5550724637681, 236.09130434782608, 235.5608695652174, 234.98985507246377, 236.4623188405797, 234.94057971014493, 235.7840579710145, 233.42898550724638, 243.86376811594204, 243.26956521739132, 235.8376811594203, 236.55797101449275, 236.9695652173913, 235.7159420289855, 235.79710144927537, 235.76521739130436, 230.97391304347826, 231.45217391304348, 233.04347826086956, 234.8985507246377, 231.14492753623188, 232.14202898550724, 229.15942028985506, 234.7463768115942, 235.84782608695653, 233.9536231884058, 235.7391304347826, 236.76521739130436, 236.7753623188406, 233.95217391304348, 233.7463768115942, 234.57536231884058, 232.031884057971, 235.41159420289856, 229.64927536231883, 233.5391304347826, 233.73043478260868, 235.31014492753624, 235.9623188405797, 235.64927536231883, 234.8768115942029, 233.40869565217392, 233.99565217391304, 228.53333333333333, 233.19130434782608, 233.63333333333333, 233.53333333333333, 235.42463768115942, 234.8289855072464, 236.03623188405797, 228.12753623188405, 233.01884057971014, 235.0086956521739, 235.368115942029]"
R8,"[117.3375, 117.3375, 113.92, 120.925, 118.9275, 121.1975, 114.0125, 125.6425, 125.795, 117.4075, 115.46, 121.6075, 122.8175, 122.6775, 116.995, 106.955, 107.7675, 117.175, 113.28, 113.31, 122.4475, 121.9275, 116.635, 119.385, 119.17, 118.82, 119.675, 112.265, 118.3125, 114.1125, 164.73, 210.7325, 126.18, 125.7375, 125.395, 125.0, 122.98, 123.7875, 121.6, 120.7875, 122.2225, 122.0875, 124.9275, 123.9675, 124.5175, 123.315, 123.45, 122.225, 122.48, 119.04, 104.1275, 121.915, 124.51, 122.3125, 124.4825, 120.5875, 121.7075, 117.9375, 118.4675, 112.9625, 119.7575, 118.9225, 117.055, 120.68, 120.8375, 120.865, 122.66, 121.03, 111.0525, 116.4625, 117.38, 118.1775, 117.8275, 112.5, 121.6, 121.24, 122.935, 120.995, 119.245, 120.39, 120.6325, 119.83, 122.18, 120.2475, 120.3825, 119.2175, 126.9675, 120.5525, 125.1825, 124.9825, 118.76, 119.04, 119.11, 117.7025, 116.58, 117.405, 117.6875, 118.965, 126.8, 122.725, 122.6325, 125.8125, 125.11, 124.6225, 123.9825, 117.31, 118.2575, 118.995, 122.97, 123.725, 121.84, 122.095, 116.3375, 118.895, 96.6875, 209.015, 233.3175, 220.18, 128.215, 125.9225, 125.9075, 125.3975, 124.6575, 121.35, 120.975, 119.3175, 124.265, 119.8925, 126.0925, 126.5025, 122.91, 123.4975, 118.6475, 123.9, 121.115, 122.34, 115.8075, 110.1025, 119.355, 117.2625, 124.22, 124.41, 124.21, 124.8175, 126.805, 127.1775, 110.715, 111.165, 118.555, 110.05, 117.8625, 122.675, 122.2975, 122.5675, 120.7475, 123.0225, 122.1075, 123.7, 123.455, 122.3425, 120.885, 122.23, 119.0125, 128.2375, 123.54, 124.145, 122.5925, 115.7025, 125.295, 118.0225, 119.23, 124.195, 122.175, 123.415, 123.4475, 126.2175, 127.2225, 126.0825, 125.79, 119.9475, 114.94, 99.795, 115.095, 111.885, 123.975, 120.7025, 119.83, 123.645, 122.2875, 117.7175, 119.335, 118.74, 102.0275, 117.625, 123.945, 116.81, 117.53, 121.7525, 123.2175, 123.23, 122.8425, 117.87, 121.8125, 122.9975, 122.7075, 118.9525, 125.84, 127.2675, 125.41, 124.245, 180.1825, 211.845, 125.845, 125.29, 125.145, 125.53, 126.1675, 126.91, 127.43, 125.1275, 122.9775, 124.5425, 231.3125, 221.7575, 221.74, 128.445, 127.17, 127.105, 124.1575, 124.155, 125.5475, 126.245, 126.2775, 124.63, 125.545, 128.4025, 120.6125, 127.82, 121.2025, 115.3275, 115.4925, 125.505, 120.38, 123.5025, 124.9175, 124.275, 123.8725, 123.74, 106.92, 120.3975, 126.055, 126.6525, 124.7325, 122.5825, 123.0375, 123.73, 119.0825, 119.3, 121.36, 126.2, 121.2275, 120.79, 113.565, 120.1125, 122.3975, 125.0475, 124.1475, 123.5175, 123.9475, 124.1075, 122.8425, 116.735, 122.6925, 123.5775, 121.7375, 118.44, 121.3525, 120.83, 121.2725, 121.5625, 121.3625, 121.48, 121.7075, 122.025, 119.505, 125.55, 126.4925, 123.285, 125.2175, 124.61, 123.19, 124.4025, 123.87, 124.1875, 122.2525, 121.4175, 125.93, 120.4525, 203.93, 213.5475, 128.6225, 129.5325, 128.79, 130.735, 128.0525, 125.7575, 120.22, 123.34, 124.5425, 125.5675, 122.8175, 124.7925, 122.795, 204.425, 211.9875, 129.365, 128.1975, 128.125, 129.165, 128.6725, 124.2125, 125.995, 126.8525, 129.6, 125.0925, 123.2675, 115.7825, 123.0525, 121.78, 130.3875, 127.0725, 126.7325, 126.695, 123.88, 124.4875, 123.4425, 123.33, 122.6, 129.2625, 126.83, 125.68, 122.4175, 122.91, 128.1675, 124.0525, 123.21, 123.575, 122.9725, 124.4325, 119.78, 121.5875, 120.1275, 122.57, 124.2475, 122.4325, 125.65, 125.8425, 125.04, 125.6575]"
B8,"[250.8775, 250.8775, 251.34, 252.16, 251.755, 251.3625, 252.225, 252.4725, 252.425, 251.0525, 251.3375, 251.31, 251.1025, 251.065, 250.91, 250.6075, 251.0425, 250.94, 249.79, 250.0475, 250.595, 250.5775, 250.745, 251.0725, 250.9525, 250.7175, 250.765, 251.6875, 251.725, 251.705, 252.155, 254.3025, 251.29, 250.8025, 250.6625, 250.535, 250.4675, 250.55, 250.15, 249.8575, 249.885, 250.1325, 250.975, 251.045, 250.8875, 250.5475, 250.465, 249.7575, 250.04, 250.425, 250.5475, 250.625, 249.88, 249.735, 250.0825, 249.4125, 249.435, 249.24, 249.1275, 249.8525, 251.22, 251.4225, 250.7725, 251.1725, 251.3825, 251.2, 251.0725, 251.1275, 250.8325, 251.095, 251.1225, 251.065, 251.1125, 251.93, 252.3725, 251.635, 250.7475, 250.4925, 250.3675, 250.7525, 250.965, 250.9975, 251.2875, 250.785, 250.78, 250.4825, 251.645, 250.6425, 251.2675, 251.0975, 252.015, 251.9075, 252.075, 251.6375, 251.6025, 251.79, 252.3325, 252.7425, 252.875, 252.4325, 251.9275, 252.6125, 252.36, 252.2575, 252.2175, 251.8125, 251.7975, 251.9825, 251.81, 251.685, 251.7275, 251.77, 251.515, 251.525, 246.925, 253.6375, 254.6125, 253.75, 250.3525, 249.8175, 250.8325, 250.72, 250.7325, 251.45, 251.2225, 250.9725, 251.0225, 250.74, 250.925, 251.1525, 250.8675, 251.2025, 250.8125, 251.0825, 250.98, 250.59, 250.925, 252.045, 252.36, 252.1, 252.025, 252.095, 252.045, 252.1625, 252.3175, 252.485, 251.2075, 251.2, 252.0025, 251.3725, 252.54, 251.675, 251.37, 251.36, 251.49, 251.85, 251.5025, 251.7925, 251.77, 251.575, 251.5025, 251.7425, 251.595, 252.4625, 251.415, 251.1325, 251.4275, 251.3475, 251.695, 251.2425, 251.235, 251.2675, 251.1125, 251.0175, 251.07, 251.2625, 251.755, 251.5325, 251.39, 250.845, 252.535, 250.25, 250.9475, 250.8175, 250.77, 250.62, 250.645, 251.565, 251.41, 251.095, 251.425, 251.37, 249.5575, 251.6375, 250.505, 250.0, 250.4325, 249.3075, 249.3675, 249.3625, 249.77, 249.6525, 250.4425, 250.68, 250.76, 250.2775, 250.7625, 250.4775, 250.5325, 250.505, 252.4475, 254.245, 250.2225, 250.095, 250.4475, 250.9525, 250.6025, 250.64, 250.5725, 249.895, 250.215, 250.5175, 254.9275, 254.5025, 254.5025, 249.4875, 249.165, 249.1, 249.0125, 249.0075, 249.6475, 249.85, 249.8825, 249.6075, 249.69, 250.1675, 249.5725, 250.4075, 249.94, 249.815, 249.7425, 250.94, 250.945, 251.4075, 251.905, 251.49, 250.8925, 250.9475, 250.66, 251.04, 250.2875, 249.9325, 249.985, 249.7125, 249.6725, 249.705, 249.795, 250.2675, 250.9925, 251.52, 251.14, 250.96, 251.29, 251.265, 250.85, 250.375, 250.2575, 250.1, 250.0325, 249.8675, 250.285, 250.8, 251.0375, 251.1375, 250.7525, 250.355, 250.825, 250.57, 250.53, 250.765, 250.935, 250.8875, 250.79, 250.5225, 250.76, 250.9225, 250.41, 249.855, 250.8075, 250.99, 250.52, 250.7, 251.03, 250.8275, 250.4425, 250.6925, 251.21, 250.9175, 253.5375, 253.785, 250.19, 250.4075, 250.4975, 250.7025, 250.3925, 250.575, 251.32, 251.4575, 251.5325, 251.225, 251.26, 251.46, 250.965, 253.075, 253.58, 248.91, 248.9475, 249.0725, 249.1325, 249.195, 249.8375, 249.7775, 249.21, 250.1275, 249.6625, 249.3775, 250.0, 250.2775, 249.91, 250.4125, 249.845, 249.7325, 250.0525, 250.1175, 249.92, 249.7725, 249.7325, 250.3375, 251.1675, 250.4425, 250.07, 250.0225, 249.9775, 251.025, 250.6375, 249.8425, 250.005, 250.1025, 250.4775, 249.6325, 250.0325, 250.52, 250.87, 250.4075, 249.7525, 250.73, 250.785, 250.1975, 249.345]"
G8,"[238.42, 238.42, 236.71, 238.97, 238.44, 239.775, 236.6125, 241.23, 241.145, 239.085, 237.34, 240.295, 240.5875, 240.49, 239.82, 234.265, 233.845, 238.79, 236.49, 236.4525, 240.86, 240.88, 238.9875, 240.065, 240.0175, 240.3175, 240.7025, 236.935, 238.135, 236.415, 244.6175, 248.935, 241.8825, 241.4825, 241.295, 240.9975, 240.1875, 240.0575, 239.4225, 238.94, 238.92, 239.4175, 240.6225, 240.645, 240.855, 240.385, 240.13, 239.665, 240.08, 238.3075, 224.915, 235.9825, 238.8675, 239.335, 240.09, 239.08, 239.045, 237.9325, 237.67, 233.755, 236.895, 236.6275, 234.9925, 237.6875, 238.2225, 238.355, 238.935, 238.925, 235.3025, 236.67, 237.1875, 237.42, 237.465, 234.025, 237.5275, 238.5325, 239.4325, 238.955, 238.52, 239.245, 239.2475, 239.465, 239.7575, 238.85, 238.8275, 238.5375, 240.8225, 238.5825, 240.1775, 239.87, 237.9325, 238.0, 238.0125, 236.97, 236.6675, 237.0125, 237.9025, 237.81, 241.1625, 239.665, 239.39, 241.165, 240.705, 240.9325, 241.0925, 238.58, 237.645, 237.745, 238.8825, 239.7425, 239.46, 240.0, 237.03, 237.5125, 209.1475, 246.965, 248.745, 250.2675, 240.68, 240.3225, 240.68, 240.5075, 240.3775, 237.4675, 236.985, 236.0825, 238.07, 236.2475, 240.585, 240.89, 239.7025, 239.6525, 238.315, 240.355, 239.3425, 238.6025, 235.8275, 232.7275, 236.7, 235.68, 239.86, 239.9475, 239.675, 239.83, 240.2825, 240.3425, 234.8025, 235.1625, 237.8425, 233.6725, 237.0275, 239.49, 238.9725, 239.0175, 238.2175, 239.135, 238.475, 238.8125, 238.795, 238.1425, 237.4175, 237.8025, 236.695, 240.5075, 240.405, 240.86, 240.735, 236.46, 240.3375, 238.9125, 238.835, 240.7325, 240.59, 240.155, 239.865, 240.4775, 241.2475, 240.9525, 240.7875, 239.545, 235.9275, 225.24, 233.0725, 232.22, 239.2275, 238.615, 237.835, 240.25, 239.89, 238.29, 238.82, 238.8425, 222.18, 233.22, 236.4425, 234.695, 236.6675, 239.06, 240.04, 240.105, 239.985, 237.8625, 238.9125, 239.4925, 239.2525, 237.7925, 240.1875, 240.325, 239.9175, 240.0675, 247.275, 249.8625, 239.645, 239.17, 239.485, 240.2, 240.2675, 240.4425, 240.415, 239.1775, 238.32, 238.7875, 248.9275, 250.115, 250.1025, 240.285, 240.0075, 239.9425, 238.935, 238.925, 239.2425, 239.54, 239.5725, 238.9925, 238.84, 239.77, 238.3475, 240.4425, 238.6725, 236.465, 236.455, 240.515, 238.9475, 240.365, 240.995, 240.905, 240.3475, 240.5775, 230.1825, 235.7975, 238.915, 239.9125, 239.6375, 238.8825, 239.095, 239.2025, 237.16, 237.0625, 238.125, 239.115, 238.305, 237.755, 234.4175, 236.79, 237.7375, 240.455, 240.3875, 240.15, 240.035, 239.9175, 239.4275, 236.8775, 239.6175, 240.2225, 239.5425, 238.72, 239.7325, 239.2575, 239.2825, 239.355, 239.5275, 239.565, 239.15, 239.205, 238.42, 239.9975, 239.845, 238.72, 239.845, 240.115, 239.4625, 239.725, 240.0775, 239.8075, 239.17, 238.8925, 240.93, 238.925, 246.8475, 247.4575, 240.325, 240.06, 240.165, 240.4425, 239.8025, 239.8075, 237.765, 238.285, 239.43, 240.4675, 239.9275, 240.235, 239.69, 246.53, 248.0675, 240.7875, 240.67, 240.905, 241.1575, 240.9575, 239.46, 239.4925, 239.675, 240.7, 239.7275, 239.1275, 235.905, 238.21, 237.8075, 240.1725, 239.9525, 240.65, 240.9875, 240.2775, 239.78, 239.745, 239.73, 238.82, 240.6475, 240.28, 239.5375, 239.045, 238.795, 240.9475, 239.875, 239.1125, 239.7525, 239.4475, 239.9325, 238.315, 238.97, 237.64, 239.225, 240.1725, 239.01, 240.6225, 240.69, 240.0, 240.3875]"
